Site_plot,Site,Plot,Acacia_bslar,Eucalyptus_bslar,Pine_bslar,Tot_bas_ar,Lat.deci..N.,Long.Deci..E.,Canopy,Acacia mearnsii,Cestrum aurantiacum,Eucalyptus spp,Ipomea purpurea,Pinus radiata,Solanum mauritianum,Ageratina adenophora,Ageratum conyzoides,Ageratum houstonianum,Urena lobata,Malvaceae,Lantana camara,Solanum anguivi,Meliaceae,Clitoria ternetea,Desmodium uncinatum,Asparagus racemosus,Oxalis corniculata,Urticaceae,Asteraceae,Achyranthes aspera,Apiaceae,Tridax procumbens,Pteridium aquilinum,Fire,Foliage_density,TCI_2x2,Elevation,Slope,TRI,shlbfr5ha,Sine.aspect,Cosine.aspect,TWI,Ann.Temp,Temp.seasonality,Ann.prec,Mxtmp_hotmnths,Mntmp_cldmnths,Prec_seasnlty,Prec_drymnths,Prec_cldmnths,Tot_ct_tree,ln_shlbfr5ha,rds_lngth_5ha,TPI,Type1,Agerat_Eupat
BCS897_1,BCS897,1,0,0.022472678,0,0.022472678,10.2258722,77.2086301,71.4,0,0,5,0,0,0,43,0,0,3,0,11,0,0,0,0,0,0,0,0,0,0,0,7,0,35,-3.557608843,1489,22.33722305,30.87069893,0,0.666213358,0.745761196,-0.587786674,17.95000076,108.9,1823.8,24.75,11.35,52.5,25.3,348,3,0,293,-0.375,Eucalyptus,43
BCZ931_2,BCZ931,2,0,0.375947849,0,0.375947849,10.2193543,77.2397437,73.8,0,0,0,0,0,0,36,0,0,0,1,0,0,0,0,0,0,0,0,0,0,0,0,0,0,7,-4.998429775,1567,23.2448864,33.10589218,0,-0.761939364,0.647648366,-0.587786674,18.54999924,112,1803.1,25.35,11.85,52.6,25.2,346.9,9,0,0,-1,Eucalyptus,36
BDD930_2,BDD930,2,0,0.007647395,0,0.007647395,10.2154763,77.2393207,44.8,0,0,3,0,0,0,28,0,0,0,0,0,0,0,0,0,0,0,0,0,0,0,0,3,0,5,-22.57657242,1567,10.16367054,15.32971001,0,-0.961523982,-0.274721009,2.086362123,17.75,112,1827.3,24.55,11.05,52.7,25.2,344.7,1,0,200,-1.875,Eucalyptus,28
BDF965_1,BDF965,1,0.260210374,0.092819163,0,0.353029537,10.2130909,77.270978,73.8,1,0,0,0,0,0,48,0,0,0,0,0,0,0,0,0,0,0,0,0,0,0,0,2,0,12,8.242478371,2252,18.73837852,29.46183968,0,-0.99264591,0.121054106,-1.280933857,14.05000019,109.9,1748.3,20.65,7.25,52.9,24.7,343.5,9,0,0,3.75,Mixed,48
BDF965_2,BDF965,2,0.351318621,0,0,0.351318621,10.2137805,77.2710469,75.6,0,0,0,0,0,0,41,0,0,0,0,0,0,0,0,0,0,0,0,0,0,0,0,0,0,12,25.70792198,2241,7.932157993,16.4924221,0,-0.763386282,0.645942245,-1.280933857,14.05000019,109.9,1748.3,20.65,7.25,52.9,24.7,343.5,8,0,0,3.5,Acacia,41
BDG990_1,BDG990,1,0.026753946,0.625303856,0,0.652057802,10.2121937,77.2933979,36.2,43,0,0,0,0,0,40,0,0,0,0,0,0,0,0,0,0,0,0,0,0,0,0,0,0,35,-4.485610485,2122,27.14015579,39.02563095,0,-0.40540078,-0.914139053,1.203972816,14.25,111.9,1719.7,20.85,7.35,53.2,24.5,346.7,8,0,0,-0.375,Mixed,80
BDG990_2,BDG990,2,0.020626481,1.195762918,0,1.216389399,10.2126137,77.2934398,27.8,0,0,3,0,0,0,58,0,0,0,0,0,0,0,0,0,0,0,0,0,0,0,0,2,0,28,-4.999053001,2135,27.23370743,40.19950104,0,-0.39582951,-0.918324016,1.021651268,14.25,111.9,1719.7,20.85,7.35,53.2,24.5,346.7,10,0,0,-2.5,Mixed,116
BDH977_1,BDH977,1,0.107851347,0,0,0.107851347,10.2111586,77.2817819,37.6,11,0,0,0,0,0,51,0,0,0,0,0,0,0,0,0,0,0,0,0,0,0,0,1,0,14,-18.91502953,2245,19.46007156,28.16025543,0,-0.138196198,0.990404872,1.663505197,13.75,110,1732.5,20.45,7.05,53,24.5,343.5,4,0,0,-2.375,Acacia,53
BDH977_2,BDH977,2,0.066280076,0,0,0.066280076,10.2117906,77.2819426,34.4,8,0,0,0,0,0,25,0,0,0,0,0,0,0,0,0,0,0,0,0,0,0,0,0,0,14,-4.668277264,2233,17.93837738,24.59674835,0,-0.694369424,0.719618721,-0.587786674,13.75,110,1732.5,20.45,7.05,53,24.5,343.5,2,0,0,-1.125,Acacia,23
BDJ870_2,BDJ870,2,0,0.212081919,0,0.212081919,10.2101909,77.1842761,54,0,0,0,0,0,0,0,7,0,0,0,3,0,0,0,0,0,0,0,0,0,0,0,4,0,18,0.009731694,1396,27.04978561,39.92493057,47173,0.358979123,0.933345589,-0.182321563,18.85000038,105.5,1975.8,25.75,12.25,52.9,26.5,351.5,6,10.76159817,0,-3,Eucalyptus,0
BDX959_1,BDX959,1,0,0.298367772,0,0.298367772,10.1979659,77.2644203,66.2,0,0,12,0,0,0,5,0,0,0,0,0,1,0,0,0,0,0,0,0,0,0,0,2,0,6,-6.594804764,1864,17.43570709,24.61706734,0,-0.953779955,-0.300505902,1.284015417,16.64999962,112.6,1798,23.45,9.75,53.1,24.7,337.3,7,0,0,-1.75,Eucalyptus,5
BDX959_2,BDX959,2,0,0.312063055,0,0.312063055,10.1969042,77.2650252,73.6,0,0,2,0,0,0,10,0,0,0,0,0,0,0,0,0,0,0,0,0,0,0,0,6,0,21,2.655169725,1886,28.14555931,41.98809433,0,-0.958875461,-0.283827147,-0.587786674,16.64999962,112.6,1798,23.45,9.75,53.1,24.7,337.3,6,0,0,-3.125,Eucalyptus,10
BDX959_3,BDX959,3,0,0.038022116,0,0.038022116,10.1982517,77.2649989,67.6,0,0,6,0,0,0,5,0,0,0,0,0,0,0,0,0,0,0,0,0,0,0,0,1,0,14,-1.088559389,1906,37.84056473,58.4807663,0,-0.961523982,-0.274721009,1.021651268,16.64999962,112.6,1798,23.45,9.75,53.1,24.7,337.3,4,0,0,0.75,Eucalyptus,5
BDX959_4,BDX959,4,0,0.176765438,0,0.176765438,10.1968,77.2650752,72,0,0,3,0,0,0,5,0,0,0,0,0,0,0,0,0,0,0,0,0,0,0,0,0,0,15,1.744022012,1883,24.80552101,35.87478256,0,-0.904818684,-0.425797075,0.328504086,16.64999962,112.6,1798,23.45,9.75,53.1,24.7,337.3,5,0,0,0.125,Eucalyptus,5
BDX959_5,BDX959,5,0,0.404683274,0,0.404683274,10.1964212,77.2659038,67.2,0,0,4,0,0,0,5,0,0,0,0,0,0,0,0,0,0,0,0,0,0,0,0,0,0,22,-12.89562511,1922,31.15966415,46.57252502,0,-0.943115519,-0.332465212,2.480266333,16.64999962,112.6,1798,23.45,9.75,53.1,24.7,337.3,13,0,0,-2.625,Eucalyptus,5
BDX959_6,BDX959,6,0,0.543156032,0,0.543156032,10.1965626,77.264598,65.4,0,0,0,0,0,0,0,0,0,0,0,0,0,0,0,0,0,0,0,0,0,0,0,7,0,8,2.089198589,1872,21.9916153,30.96772575,0,-0.913811514,-0.406138545,0.510825634,16.64999962,112.6,1798,23.45,9.75,53.1,24.7,337.3,8,0,0,1.875,Eucalyptus,5
BDX959_7,BDX959,7,0,0.298025589,0,0.298025589,10.197115,77.2645143,68,0,0,1,0,0,0,0,0,0,0,0,0,0,0,0,0,0,0,0,0,0,0,0,4,0,10,8.986177444,1869,18.13707733,24.91987228,0,-0.964763853,-0.263117288,0.79850769,16.64999962,112.6,1798,23.45,9.75,53.1,24.7,337.3,6,0,0,1.375,Eucalyptus,5
BDX959_8,BDX959,8,0,0.241223189,0,0.241223189,10.1976955,77.2645087,66.6,0,0,3,0,0,0,0,0,0,0,0,0,0,0,0,0,0,0,0,0,0,0,0,5,0,25,-13.6784687,1863,15.93134022,24.81934738,0,-0.948683366,0.316227562,0.91629076,16.64999962,112.6,1798,23.45,9.75,53.1,24.7,337.3,6,0,0,-3.25,Eucalyptus,5
BDZ967_1,BDZ967,1,0.262247557,0.484770041,0,0.747017598,10.194818,77.2732549,70.4,0,0,0,0,0,0,0,0,0,0,0,0,0,0,0,0,0,0,0,0,0,0,0,0,0,20,-4.178162098,2287,17.9870224,27.14774323,0,-0.999279741,0.037947325,-0.587786674,14.14999962,109.9,1785.5,20.85,7.25,53.1,24.7,338.7,11,0,0,-1.375,Mixed,0
BDZ967_2,BDZ967,2,0.124164729,0,0,0.124164729,10.1952552,77.2732857,73.6,0,0,0,0,0,0,0,0,0,0,0,0,0,0,0,0,0,0,0,0,0,0,0,0,0,22,35.1495285,2291,2.999646664,16.34013557,0,-0.780869008,0.624694799,-1.280933857,14.14999962,109.9,1785.5,20.85,7.25,53.1,24.7,338.7,6,0,0,4.625,Acacia,0
BDZ967_3,BDZ967,3,0.232230935,0,0,0.232230935,10.1958044,77.2731956,74.8,2,0,0,0,0,0,0,0,0,0,0,0,0,0,0,0,0,0,0,0,0,0,0,0,0,11,57.21961212,2287,3.259894371,12.08304596,0,0,1,-1.280933857,14.14999962,109.9,1785.5,20.85,7.25,53.1,24.7,338.7,8,0,0,3.25,Acacia,0
BDZ967_4,BDZ967,4,0.264260868,0,0,0.264260868,10.195399,77.27292,67,4,0,0,0,0,0,6,0,0,0,0,0,0,0,0,0,0,0,0,0,0,0,0,3,0,11,3.665483236,2284,21.86136627,34.98571014,0,-0.971921009,-0.235307359,-1.280933857,14.14999962,109.9,1785.5,20.85,7.25,53.1,24.7,338.7,8,0,0,4.5,Acacia,6
BEL955_1,BEL955,1,0,0.284489461,0,0.284489461,10.1846933,77.2616236,74.4,5,0,2,0,0,0,1,0,0,0,0,0,0,3,0,0,0,0,0,0,0,0,0,0,0,7,-11.17901134,1691,19.0224514,29.66479301,0,-0.903737838,-0.428086347,2.762117386,16.85000038,112.9,1812.1,23.75,9.95,53.2,24.7,334.9,11,0,0,-3.75,Eucalyptus,5
BEL955_2,BEL955,2,0,0.120432545,0,0.120432545,10.1842477,77.2619221,65.4,1,0,2,0,0,0,4,0,0,0,0,0,0,0,1,0,0,0,0,0,0,0,0,1,0,9,1.843753457,1691,34.86105728,54.08327103,0,-0.894427214,-0.447213549,0.105360508,16.85000038,112.9,1812.1,23.75,9.95,53.2,24.7,334.9,5,0,0,-6.375,Eucalyptus,4
BEO992_1,BEO992,1,0.019106551,0.582164909,0,0.60127146,10.1818617,77.2954137,50,12,0,0,0,0,0,46,0,0,0,0,0,0,0,0,0,0,0,0,0,0,0,0,3,0,21,6.592710972,1954,24.15477562,35.52463913,0,-0.454470233,0.890761925,-1.280933857,15.14999962,114.5,1753.3,21.95,8.15,53.5,24.5,336.5,6,0,0,3.5,Mixed,46
BEO992_2,BEO992,2,0.023204791,0.786901827,0,0.810106618,10.18152,77.2956158,56,10,0,0,0,1,0,15,0,0,0,0,0,0,0,0,0,0,0,0,0,0,0,0,0,0,17,-1.736855149,1976,21.07390404,30.57777023,0,-0.59319885,0.805055976,-0.587786674,15.14999962,114.5,1753.3,21.95,8.15,53.5,24.5,336.5,6,0,0,-3.625,Mixed,15
BER779_1,BER779,1,0,0.427529966,0,0.427529966,10.1797462,77.1016198,50.4,0,0,0,0,0,0,4,0,0,0,0,7,0,0,0,0,0,0,0,0,0,0,0,0,0,16,9.545742035,1454,28.60735703,46.31414413,14607,0.932568081,0.360994146,-1.280933857,19.04999924,103.4,2698.4,26.35,12.55,56.2,32,388.5,6,9.589324603,0,6.875,Eucalyptus,4
BER779_2,BER779,2,0,0.138257899,0,0.138257899,10.1801501,77.1014999,42.8,0,0,0,0,0,0,0,0,0,0,0,6,0,0,0,0,0,0,0,0,0,0,0,0,0,16,-0.212322444,1451,22.0627594,32.66496658,10326,0.961905107,0.273383549,0.79850769,19.04999924,103.4,2698.4,26.35,12.55,56.2,32,388.5,3,9.242517104,0,2.625,Eucalyptus,0
BER779_3,BER779,3,0,0.228252062,0,0.228252062,10.1803479,77.1010096,75.4,0,0,0,0,0,0,0,0,0,0,0,0,0,0,0,0,0,0,0,0,0,0,0,0,0,22,1.949211359,1461,18.25081635,27.80287743,10642,0.958168107,0.286206007,0.91629076,19.04999924,103.4,2698.4,26.35,12.55,56.2,32,388.5,7,9.272657678,0,0.875,Eucalyptus,0
BER779_4,BER779,4,0,0.107461418,0,0.107461418,10.1800903,77.1010103,76.6,0,0,0,0,0,0,0,0,0,0,0,0,0,0,0,0,0,0,0,0,0,0,0,0,0,22,-10.52778625,1458,26.72441673,49.16299438,10794,0.804851465,0.5934763,0.664976239,19.04999924,103.4,2698.4,26.35,12.55,56.2,32,388.5,6,9.286838343,0,-11.125,Eucalyptus,0
BER779_7,BER779,7,0,0.325941366,0,0.325941366,10.180754,77.1003203,68.2,0,0,0,0,0,0,7,0,0,0,0,0,0,0,0,0,0,0,0,0,0,0,0,7,0,16,-2.82229805,1493,35.3228302,53.31041336,8704,0.996703769,0.081127038,1.810108542,19.04999924,103.4,2698.4,26.35,12.55,56.2,32,388.5,7,9.071652852,0,0.5,Eucalyptus,7
BER779_8,BER779,8,0,0.101604516,0,0.101604516,10.180631,77.1013504,57.4,0,0,0,0,0,0,1,0,0,0,0,6,0,0,0,0,0,0,0,0,0,0,0,0,0,21,4.200097084,1448,27.59124947,41.1096077,7107,0.902134208,0.431455527,1.021651268,19.04999924,103.4,2698.4,26.35,12.55,56.2,32,388.5,5,8.868976189,0,5.25,Eucalyptus,1
BES992_1,BES992,1,0.482525956,0,0,0.482525956,10.1777389,77.2953825,53.8,5,0,0,0,0,0,125,0,0,0,0,0,0,0,0,0,0,0,0,0,0,0,0,1,0,25,5.786718369,1997,8.80047226,20.78460884,0,0.052558822,0.99861783,-0.587786674,15.14999962,114.5,1753.3,21.95,8.15,53.5,24.5,336.5,6,0,0,-3.75,Acacia,125
BES992_2,BES992,2,0.206408046,0,0,0.206408046,10.1781631,77.2954228,36.8,5,0,0,0,0,0,85,0,0,0,0,0,0,0,0,0,0,0,0,0,0,0,0,0,0,17,-10.33760071,1991,17.34421158,22.75961304,0,0.825949886,0.563743547,-0.182321563,15.14999962,114.5,1753.3,21.95,8.15,53.5,24.5,336.5,4,0,0,1.25,Acacia,85
BET992_1,BET992,1,0.335625944,0,0,0.335625944,10.1768294,77.2954972,54.6,8,0,3,0,0,0,125,0,0,0,0,0,0,0,0,0,0,0,0,0,0,0,0,19,0,16,-15.07970238,2004,11.63868618,15.96871948,0,0.996815279,-0.079745221,0.105360508,15.14999962,114.5,1753.3,21.95,8.15,53.5,24.5,336.5,6,0,0,-1.375,Acacia,125
BET992_2,BET992,2,0.480552435,0.126337194,0,0.606889629,10.1772926,77.2952907,78.4,9,0,0,0,0,0,51,0,0,0,0,0,0,0,0,0,0,0,0,0,0,0,0,6,0.2,23,31.62689781,2013,8.849356651,15.90597343,0,0.948683282,0.316227815,-1.280933857,15.14999962,114.5,1753.3,21.95,8.15,53.5,24.5,336.5,7,0,0,3.375,Mixed,51
BEV1067_1,BEV1067,1,0,0,0.806541547,0.806541547,10.17444,77.36306,81.6,0,0,0,0,0,0,0,0,0,0,0,0,0,0,0,0,0,0,0,0,0,0,0,0,1,1,-28.36284256,2118,12.03796673,19.31320763,0,-0.923076869,0.384615514,1.11696136,14.14999962,118.8,1688.6,20.95,6.65,54.6,25.1,354.4,9,0,0,-1.375,Pine,0
BEV1067_2,BEV1067,2,0,0,1.138451223,1.138451223,10.175,77.36278,75.4,0,0,0,0,0,0,0,0,0,0,0,0,0,0,0,0,0,0,0,0,0,0,0,0,1,1,-3.108181,2114,22.89163208,42.10700607,0,-0.570214686,-0.821495716,0.664976239,14.14999962,117.8,1678.2,20.85,6.65,54.5,25,355.1,9,0,0,-9.625,Pine,0
BEV1067_3,BEV1067,3,0,0,1.179131227,1.179131227,10.175,77.36389,73,0,0,0,0,0,0,0,0,0,0,0,0,0,0,0,0,0,0,0,0,0,0,0,0,1,2,7.669460773,2138,10.93275452,18.27566719,0,-0.316227815,-0.948683282,-1.280933857,14.14999962,117.8,1678.2,20.85,6.65,54.5,25,355.1,9,0,0,3.5,Pine,0
BEV1067_4,BEV1067,4,0,0,1.292958842,1.292958842,10.17528,77.36417,79.6,0,0,0,0,0,0,0,0,0,0,0,0,0,0,0,0,0,0,0,0,0,0,0,0,1,0,10.67064381,2142,20.40840721,33.33166504,0,-0.098421044,-0.995144863,-0.587786674,14.14999962,117.8,1678.2,20.85,6.65,54.5,25,355.1,7,0,0,-2.375,Pine,0
BEV1067_5,BEV1067,5,0,0,0.297388969,0.297388969,10.17444,77.36417,77.4,0,0,0,0,0,0,0,0,0,0,0,0,0,0,0,0,0,0,0,0,0,0,0,0,1,9,-7.942247391,2132,13.61369896,26.81417465,0,-0.285805356,0.958287691,-0.182321563,14.14999962,118.8,1688.6,20.95,6.65,54.6,25.1,354.4,5,0,0,-6.375,Pine,0
BEV1067_6,BEV1067,6,0,0.191375861,1.1394539,1.330829761,10.17417,77.36417,77.8,0,0,0,0,0,0,0,0,0,0,0,0,0,0,0,0,0,0,0,0,0,0,0,0,1,1,1.362446189,2147,25.17087936,35,0,-0.242535819,0.970142452,-0.587786674,14.14999962,118.8,1688.6,20.95,6.65,54.6,25.1,354.4,11,0,0,-0.375,Mixed,0
BEV1067_7,BEV1067,7,0,0,0.779596615,0.779596615,10.17444,77.36333,70.2,0,0,0,0,0,0,0,0,0,0,0,0,0,0,0,0,0,0,0,0,0,0,0,0,1,1,-21.89478874,2122,12.07995605,21.37755775,0,-0.725952672,0.687744661,0.664976239,14.14999962,118.8,1688.6,20.95,6.65,54.6,25.1,354.4,6,0,0,-2.875,Pine,0
BEV1067_8,BEV1067,8,0,0,0.414908979,0.414908979,10.17417,77.36278,81.2,0,0,0,0,0,0,0,0,0,0,0,0,0,0,0,0,0,0,0,0,0,0,0,7,1,10,-19.30596542,2119,11.54924393,20.76054001,0,-0.478852344,0.877895456,0.664976239,14.14999962,118.8,1688.6,20.95,6.65,54.6,25.1,354.4,13,0,0,-0.875,Pine,0
BEX1057_1,BEX1057,1,0,0,0.341482846,0.341482846,10.17278,77.35417,77.8,0,0,0,0,0,0,0,0,0,0,0,0,0,0,0,0,0,0,0,0,0,0,0,1,1,16,17.06966782,2143,5.982685566,9.899495125,0,0.780868842,-0.624695007,-1.280933857,13.94999981,118.6,1696.7,20.75,6.55,54.4,25.1,353.5,8,0,0,1,Pine,0
BEX1057_2,BEX1057,2,0.288547912,0,0.07566226,0.364210172,10.17306,77.35444,74.6,44,0,0,0,0,0,0,0,0,0,0,0,0,0,0,0,0,0,0,0,0,0,0,0,1,11,-4.803215027,2141,16.13886642,22.09072113,0,0.734803549,-0.678279989,-0.182321563,13.94999981,118.6,1696.7,20.75,6.55,54.4,25.1,353.5,13,0,0,0.25,Mixed,0
BEX1061_1,BEX1061,1,0.254496712,0,0,0.254496712,10.17222,77.35861,78.6,0,0,0,0,0,0,0,0,0,0,0,0,0,0,0,0,0,0,0,0,0,0,0,0,0.4,19,-23.16784477,2158,18.469944,30.33150101,0,-0.04872241,-0.998812358,0.105360508,14.14999962,118.8,1688.6,20.95,6.65,54.6,25.1,354.4,8,0,0,-5.25,Acacia,0
BEX1061_2,BEX1061,2,0,0,0.998752972,0.998752972,10.17278,77.35861,72.2,0,0,0,0,0,0,0,0,0,0,0,0,0,0,0,0,0,0,0,0,0,0,0,0,1,6,-19.56009102,2165,8.560761452,21.0950222,0,0.953993712,0.299826612,-0.587786674,14.14999962,118.8,1688.6,20.95,6.65,54.6,25.1,354.4,15,0,0,-6.125,Pine,0
BEX1061_3,BEX1061,3,0,0,1.030918186,1.030918186,10.17361,77.35861,75,0,0,0,0,0,0,0,0,0,0,0,0,0,0,0,0,0,0,0,0,0,0,0,0,0.8,2,-38.20759201,2158,8.881295204,18.43908882,0,-0.99861783,0.052558823,0.664976239,14.14999962,118.8,1688.6,20.95,6.65,54.6,25.1,354.4,21,0,0,-4.75,Pine,0
BEX1061_4,BEX1061,4,0.200169172,0,0,0.200169172,10.17333,77.35722,76.4,3,0,0,0,0,0,0,0,0,0,0,0,0,0,0,0,0,0,0,0,0,0,0,0,1,22,33.46795654,2173,7.889173031,13.78404903,0,-0.058721925,0.998274379,-0.587786674,13.94999981,118.6,1696.7,20.75,6.55,54.4,25.1,353.5,7,0,0,-1,Acacia,0
BEX1061_5,BEX1061,5,0.409274894,0,0,0.409274894,10.17306,77.35806,75.6,37,0,0,0,0,0,0,0,0,0,0,0,0,0,0,0,0,0,0,0,0,0,0,0,1,16,7.326615334,2174,4.483864307,10.77032948,0,0.467887708,0.883787923,-0.587786674,13.94999981,118.6,1696.7,20.75,6.55,54.4,25.1,353.5,17,0,0,1.5,Acacia,0
BEX1061_6,BEX1061,6,0.278377911,0,0,0.278377911,10.1725,77.35806,76.8,2,0,0,0,0,0,0,0,0,0,0,0,0,0,0,0,0,0,0,0,0,0,0,0,1,26,42.31199265,2176,6.364834309,15.93737698,0,0.993883729,0.110431577,-1.280933857,13.94999981,118.6,1696.7,20.75,6.55,54.4,25.1,353.5,12,0,0,0.25,Acacia,0
BEX1061_7,BEX1061,7,0.341124747,0,0,0.341124747,10.17222,77.3575,75.8,0,0,0,0,0,0,0,0,0,0,0,0,0,0,0,0,0,0,0,0,0,0,0,0,1,19,-9.257206917,2167,17.05085182,30.90307426,0,-0.666015769,-0.745937662,-0.587786674,13.94999981,118.6,1696.7,20.75,6.55,54.4,25.1,353.5,11,0,0,-5.875,Acacia,0
BEX1061_8,BEX1061,8,0.313829675,0,0,0.313829675,10.17278,77.35722,61.4,37,0,0,0,0,0,0,0,0,0,0,0,0,0,0,0,0,0,0,0,0,0,0,0,0,20,83.48651886,2179,1.044309258,10.77032948,0,0.447213549,-0.894427214,-1.280933857,13.94999981,118.6,1696.7,20.75,6.55,54.4,25.1,353.5,13,0,0,0,Acacia,0
BFB764_1,BFB764,1,0,0.144035223,0,0.144035223,10.1706954,77.0865128,66.8,0,0,0,0,0,0,18,0,0,0,0,0,0,0,0,0,0,0,0,0,0,0,0,12,0,13,-1.140794158,1833,32.67866516,48.1040535,0,0.959568965,-0.281473626,2.120263577,15.85000038,101.7,2863.9,23.15,9.35,57.3,32.9,397,5,0,131,-0.5,Eucalyptus,18
BFB764_2,BFB764,2,0,0.174768043,0,0.174768043,10.1710025,77.0864367,64.8,0,0,0,0,0,0,26,0,0,0,0,0,0,0,0,0,0,0,0,0,0,0,0,9,0,14,-3.416940689,1838,36.01173019,54.99090958,0,0.936792168,-0.349886317,1.427116275,15.85000038,101.7,2863.9,23.15,9.35,57.3,32.9,397,6,0,37,-2.75,Eucalyptus,26
BFB764_8,BFB764,8,0,0.027645214,0,0.027645214,10.171022,77.0873207,61.4,0,0,0,0,0,0,39,0,0,0,0,0,0,0,0,0,0,0,0,0,0,0,0,0,0,21,-5.488096237,1783,26.61639595,37.82855988,0,0.958051371,-0.28659653,1.609437943,15.85000038,101.7,2863.9,23.15,9.35,57.3,32.9,397,3,0,111,-2.125,Eucalyptus,0
BFF977_1,BFF977,1,0,0,1.200919539,1.200919539,10.1664474,77.2812451,67.6,0,0,0,0,2,0,0,0,0,0,0,0,0,0,0,0,0,0,0,0,0,0,0,5,0,17,-0.785848498,2110,34.96964264,53.17894363,0,0.701238943,-0.712926325,0.105360508,13.85000038,112.2,1780.8,20.75,6.75,53.7,24.2,325.8,22,0,0,3.75,Pine,0
BFI1093_1,BFI1093,1,0.380396229,0.022353312,0,0.402749541,10.16222,77.39361,76.8,6,0,0,0,0,0,0,0,0,0,0,0,0,0,0,0,0,0,0,0,0,0,0,3,1,15,-2.643980265,2209,16.54985619,21.84033012,0,0.784882788,-0.61964426,-0.587786674,14.55000019,123.6,1723.8,21.45,6.75,55.7,25.6,367,11,0,0,-1.375,Mixed,0
BFI1093_2,BFI1093,2,0.245194105,0,0,0.245194105,10.16222,77.38611,79.8,2,0,1,0,0,0,0,0,0,0,0,0,0,0,0,0,0,0,0,0,0,0,0,0,1,13,1.911840558,2203,24.39838219,34.07344818,0,0.161488496,-0.986874595,-0.587786674,13.75,123.2,1709.7,20.65,6.05,55.4,25.3,361.5,15,0,0,-0.625,Acacia,0
BFI1093_3,BFI1093,3,0.35400834,0,0,0.35400834,10.16278,77.38778,73.4,10,0,0,0,0,0,0,0,0,0,0,0,0,0,0,0,0,0,0,0,0,0,0,3,0.8,20,6.842884064,2214,12.7462225,18.57417488,0,0.851036016,-0.525107322,-0.587786674,13.75,123.2,1709.7,20.65,6.05,55.4,25.3,361.5,14,0,0,2.125,Acacia,0
BFI1093_4,BFI1093,4,0.292168687,0,0,0.292168687,10.16333,77.38778,75.2,32,0,0,0,0,0,0,0,0,0,0,0,0,0,0,0,0,0,0,0,0,0,0,0,1,19,9.439351082,2227,17.69272804,31.98437119,0,0.899508148,-0.436903985,-1.280933857,13.75,123.2,1709.7,20.65,6.05,55.4,25.3,361.5,15,0,0,7.375,Acacia,0
BFI1093_5,BFI1093,5,0.127666138,0,0.117161911,0.244828049,10.16222,77.38639,75.6,0,0,0,0,0,0,0,0,0,0,0,0,0,0,0,0,0,0,0,0,0,0,0,1,1,16,-5.388810635,2199,17.45819855,28.35489464,0,0.181162329,-0.983453207,-0.182321563,13.75,123.2,1709.7,20.65,6.05,55.4,25.3,361.5,11,0,0,-3,Mixed,0
BFI1093_6,BFI1093,6,0.410778908,0,0,0.410778908,10.16222,77.38778,78.8,10,0,0,0,0,0,0,0,0,0,0,0,0,0,0,0,0,0,0,0,0,0,0,0,1,19,-13.51707458,2204,6.415832996,13.85640621,0,-0.837610583,-0.546267802,-0.587786674,13.75,123.2,1709.7,20.65,6.05,55.4,25.3,361.5,21,0,0,-3.25,Acacia,0
BFI1093_8,BFI1093,8,0.340679113,0,0,0.340679113,10.16306,77.38722,74.2,11,0,0,0,0,0,0,0,0,0,0,0,0,0,0,0,0,0,0,0,0,0,0,0,1,17,28.23044586,2221,10.85079384,21.02379608,0,-0.985211733,-0.1713413,-1.280933857,13.75,123.2,1709.7,20.65,6.05,55.4,25.3,361.5,19,0,0,4.5,Acacia,0
BFI939_1,BFI939,1,0,0.150297971,0,0.150297971,10.1634854,77.2468227,66.6,0,0,0,0,0,0,26,0,0,0,0,0,0,0,0,1,1,2,0,0,0,0,0,1,0,7,-23.21860313,1857,16.4946022,25,0,0.998460351,-0.05547006,2.877949238,15.64999962,113.5,1870.2,22.75,8.65,53.7,24.7,326.9,4,0,0,-1.375,Eucalyptus,26
BFI939_2,BFI939,2,0,0.078471345,0,0.078471345,10.1641573,77.2469314,72,0,0,1,0,0,0,31,0,0,0,0,0,0,0,0,0,0,0,0,0,0,0,0,7,0,16,-9.315493584,1877,24.55828094,35.76311111,0,0.151387916,-0.98847443,2.762117386,15.64999962,113.5,1870.2,22.75,8.65,53.7,24.7,326.9,5,0,0,3.125,Eucalyptus,31
BFJ976_1,BFJ976,1,0.131525645,0,0,0.131525645,10.1625589,77.2794667,76.8,0,0,0,0,0,0,44,0,0,0,0,0,0,0,0,0,0,0,0,0,0,0,0,1,0,21,5.169983864,2216,16.04336929,22.47220421,0,0.999592088,0.028559717,-0.587786674,13.85000038,112.2,1780.8,20.75,6.75,53.7,24.2,325.8,4,0,0,0.625,Acacia,44
BFJ976_2,BFJ976,2,0.24026826,0,0,0.24026826,10.1629881,77.2798104,81,0,0,0,0,1,0,0,0,0,0,0,0,0,0,0,0,0,0,0,0,0,0,0,0,0,5,25.90608597,2213,8.750800133,24.02082443,0,0.52999893,0.84799831,-1.280933857,13.85000038,112.2,1780.8,20.75,6.75,53.7,24.2,325.8,6,0,0,6.875,Acacia,0
BFJ976_3,BFJ976,3,0.238525513,0,0,0.238525513,10.1623673,77.2802108,84.2,0,0,0,0,0,0,44,0,0,0,0,0,0,0,0,0,0,0,0,0,0,0,0,0,0,12,-5.43429327,2188,26.81315994,39.4968338,0,0.818088705,-0.575092055,-0.587786674,13.85000038,112.2,1780.8,20.75,6.75,53.7,24.2,325.8,7,0,0,2.75,Acacia,44
BFJ976_4,BFJ976,4,0.069025499,0,0,0.069025499,10.1623629,77.2793254,65,0,0,0,0,0,0,10,0,0,0,0,0,0,0,0,0,0,0,0,0,0,0,0,0,0,10,5.169983864,2216,16.04336929,22.47220421,0,0.999592088,0.028559717,-0.587786674,13.85000038,112.2,1780.8,20.75,6.75,53.7,24.2,325.8,3,0,0,0.625,Acacia,10
BFK1091_1,BFK1091,1,0.116103531,0,0.165632549,0.28173608,10.15889,77.38528,83.2,16,0,0,0,0,0,0,0,0,0,0,0,0,0,0,0,0,0,0,0,0,0,0,0,1,16,-6.62981081,2216,18.72139931,26.09597588,0,0.084038943,0.996462471,0.510825634,13.75,123.2,1709.7,20.65,6.05,55.4,25.3,361.5,9,0,0,0.625,Mixed,0
BFK1091_2,BFK1091,2,0,0,0.159704028,0.159704028,10.16167,77.38583,64,0,0,0,0,0,0,0,0,0,0,0,0,0,0,0,0,0,0,0,0,0,0,0,59,1,14,-36.68795013,2189,6.818162918,10.09950447,0,0.926092374,-0.377296853,2.051270723,13.75,123.2,1709.7,20.65,6.05,55.4,25.3,361.5,11,0,0,-1,Pine,0
BFK1091_3,BFK1091,3,0.089795219,0,0.522871735,0.612666954,10.16028,77.38611,73.2,0,0,0,0,0,0,0,0,0,0,0,0,0,0,0,0,0,0,0,0,0,0,0,0,1,17,-1.814117312,2208,16.93798065,23.81176186,0,0.806404997,0.591363662,-1.280933857,13.75,123.2,1709.7,20.65,6.05,55.4,25.3,361.5,7,0,0,-1.625,Mixed,0
BFK1091_4,BFK1091,4,0.156783534,0,0.206097694,0.362881228,10.16056,77.38528,75.2,6,0,0,0,0,0,0,0,0,0,0,0,0,0,0,0,0,0,0,0,0,0,0,0,1,18,41.08418274,2212,6.250197887,14.96662998,0,-0.974391148,-0.224859713,-1.280933857,13.75,123.2,1709.7,20.65,6.05,55.4,25.3,361.5,10,0,0,3.5,Mixed,0
BFK1091_6,BFK1091,6,0.035730285,0,0.574254908,0.609985193,10.16139,77.38472,73.4,0,0,0,0,0,0,0,0,0,0,0,0,0,0,0,0,0,0,0,0,0,0,0,0,1,8,8.113660812,2195,4.126507759,8.944272041,0,-0.282166091,0.95936557,-1.280933857,13.75,123.2,1709.7,20.65,6.05,55.4,25.3,361.5,11,0,0,1,Mixed,0
BFK1091_7,BFK1091,7,0.076513739,0,0.545057934,0.621571673,10.16083,77.38472,75.6,0,0,0,0,0,0,0,0,0,0,0,0,0,0,0,0,0,0,0,0,0,0,0,0,1,10,15.80371761,2202,12.02836037,19.36491585,0,-0.962964039,0.269629857,-1.280933857,13.75,123.2,1709.7,20.65,6.05,55.4,25.3,361.5,12,0,0,3.375,Mixed,0
BFK1091_8,BFK1091,8,0.230074386,0,0.161104591,0.391178977,10.16056,77.38472,78,70,0,0,0,0,0,0,0,0,0,0,0,0,0,0,0,0,0,0,0,0,0,0,0,1,19,10.2974329,2200,11.8304615,15.96871948,0,-0.999807826,-0.019603871,-0.587786674,13.75,123.2,1709.7,20.65,6.05,55.4,25.3,361.5,6,0,0,-0.125,Mixed,0
BFM1075_1,BFM1075,1,0,0,0.48254983,0.48254983,10.15889,77.37083,84.8,0,0,0,0,0,0,0,0,0,0,0,0,0,0,0,0,0,0,0,0,0,0,0,0,0.4,19,-34.86447144,2113,11.55238247,18.30300522,0,0.219038358,-0.975716249,1.663505197,14.14999962,121.7,1692.8,21.05,6.55,54.9,25,353.3,8,0,0,-3.125,Pine,0
BFM1075_2,BFM1075,2,0,0,0.845789156,0.845789156,10.15944,77.37056,70.2,0,0,0,0,0,0,0,0,0,0,0,0,0,0,0,0,0,0,0,0,0,0,0,1,1,16,13.62852764,2129,14.78544807,21.56385803,0,0.995634222,-0.093340748,-1.280933857,14.14999962,121.7,1692.8,21.05,6.55,54.9,25,353.3,12,0,0,0.625,Pine,0
BFP955_1,BFP955,1,0,0.407094471,0,0.407094471,10.1574508,77.261106,72.6,0,0,0,0,0,0,4,0,0,0,0,0,0,0,0,0,0,0,0,0,0,0,0,3,0,8,7.765161037,1730,25.63760185,36.53765106,35240,-0.974964505,-0.222360548,-0.587786674,16.45000076,114.3,1799.4,23.45,9.25,53.9,24,317.8,9,10.46996546,0,1.375,Eucalyptus,4
BFP955_5,BFP955,5,0,0.747168796,0,0.747168796,10.1576802,77.2619511,71.6,0,0,5,0,0,0,5,0,0,0,0,0,0,0,0,0,0,0,0,0,0,0,0,0,0,13,10.86464119,1787,28.35744667,43.84062195,34469,-0.942427765,-0.33440979,-1.280933857,16.45000076,114.3,1799.4,23.45,9.25,53.9,24,317.8,12,10.44784466,0,5.25,Eucalyptus,5
BFP955_6,BFP955,6,0,0.375335102,0,0.375335102,10.1579766,77.2607886,68,0,0,2,0,0,0,4,0,0,0,0,0,0,0,0,0,0,0,0,0,0,0,0,0,0,5,-0.413395166,1713,28.13872147,40.14971924,19117,-0.998111869,0.061422278,0.510825634,16.45000076,114.3,1799.4,23.45,9.25,53.9,24,317.8,7,9.858385579,0,-1.25,Eucalyptus,4
BFP955_7,BFP955,7,0,0.283733475,0,0.283733475,10.1574518,77.2606998,72,0,0,0,0,0,0,5,0,0,0,0,0,0,0,0,0,0,0,0,0,0,0,0,0,0,10,9.021726608,1717,19.66060448,28.65309715,31715,-0.999933948,0.011493417,-0.182321563,16.45000076,114.3,1799.4,23.45,9.25,53.9,24,317.8,3,10.36457656,0,0.375,Eucalyptus,5
BFQ1052_1,BFQ1052,1,0,0,1.561699921,1.561699921,10.15583,77.34889,79.8,0,0,0,0,0,0,0,0,0,0,0,0,0,0,0,0,0,0,0,0,0,0,0,0,1,3,-1.017943859,2189,15.68023109,21.74856377,0,0.435560921,0.900159255,-0.182321563,13.94999981,120.2,1709.1,20.85,6.35,54.3,24.8,344.6,10,0,0,-2.125,Pine,0
BFQ1052_2,BFQ1052,2,0,0.057494723,0.881726342,0.939221065,10.15528,77.34889,68.8,0,0,0,0,0,0,0,0,0,0,0,0,0,0,0,0,0,0,0,0,0,0,0,0,1,5,38.47494888,2209,12.41117191,25.94224358,0,0.743294139,0.66896474,-1.280933857,13.94999981,120.2,1709.1,20.85,6.35,54.3,24.8,344.6,7,0,0,6.875,Mixed,0
BFQ1052_3,BFQ1052,3,0,0.174306494,0.477488703,0.651795197,10.15611,77.34972,79.2,0,0,0,0,0,0,0,0,0,0,0,0,0,0,0,0,0,0,0,0,0,0,0,0,1,5,8.037227631,2184,13.267313,27.16615486,0,0.992543458,0.121891283,-1.280933857,13.94999981,120.2,1709.1,20.85,6.35,54.3,24.8,344.6,10,0,0,5.75,Mixed,0
BFQ1052_4,BFQ1052,4,0.705764637,0.318309886,0,1.024074523,10.15556,77.34972,84,54,0,0,0,0,0,0,0,0,0,0,0,0,0,0,0,0,0,0,0,0,0,0,0,1,14,-6.686618328,2186,14.33798409,22.06807709,0,0.768221264,0.640184419,0.105360508,13.94999981,120.2,1709.1,20.85,6.35,54.3,24.8,344.6,15,0,0,1.125,Mixed,0
BFQ1052_5,BFQ1052,5,0.37018644,0.017578663,0,0.387765103,10.15528,77.33361,77.6,94,0,0,0,0,0,0,0,0,0,0,0,0,0,0,0,0,0,0,0,0,0,0,1,1,20,2.853915691,2195,29.16633606,41.74925232,0,0.051028363,0.998697204,-0.587786674,13.94999981,119.4,1717.1,20.85,6.45,54.1,24.9,343.4,13,0,0,-1.625,Mixed,0
BFQ1052_6,BFQ1052,6,0.061855569,0,0.401245527,0.463101096,10.15583,77.33361,79.8,1,0,0,0,0,0,0,0,0,0,0,0,0,0,0,0,0,0,0,0,0,0,0,0,1,10,4.331811428,2178,8.826438904,15.0996685,0,-0.498964547,0.866622398,-1.280933857,13.94999981,119.4,1717.1,20.85,6.45,54.1,24.9,343.4,11,0,0,1.75,Mixed,0
BFQ1052_7,BFQ1052,7,0,0,1.040141215,1.040141215,10.15611,77.33361,72,0,0,0,0,0,0,0,0,0,0,0,0,0,0,0,0,0,0,0,0,0,0,0,0,1,6,11.60841274,2174,9.243040085,16.24807739,0,0,1,-0.587786674,13.94999981,119.4,1717.1,20.85,6.45,54.1,24.9,343.4,8,0,92,2.5,Pine,0
BFQ1052_8,BFQ1052,8,0,0,1.675280846,1.675280846,10.15611,77.34889,75.8,0,0,0,0,0,0,0,0,0,0,0,0,0,0,0,0,0,0,0,0,0,0,0,0,1,3,-13.52193737,2181,14.76699066,21.56385803,0,0.154376912,0.988012029,0.105360508,13.94999981,120.2,1709.1,20.85,6.35,54.3,24.8,344.6,9,0,0,-1.875,Pine,0
BFQ767_1,BFQ767,1,0,0.261793966,0,0.261793966,10.1570566,77.090497,76,0,0,0,0,0,0,0,0,0,0,0,0,0,0,0,0,0,0,0,0,0,0,0,0,0,16,3.342416763,1605,35.3564415,56.12486267,39413,0.854421444,-0.519580596,-0.587786674,16.75,105.1,2867.3,24.25,10.15,57.5,32.9,399.8,13,10.58187636,102,6,Eucalyptus,0
BFQ977_1,BFQ977,1,0.071818668,0,0,0.071818668,10.1566238,77.2812878,68,10,0,0,0,0,0,3,0,0,0,0,0,0,0,0,0,0,0,0,0,0,0,0,0,0,27,-2.45953083,2191,25.2322998,35.76311111,0,0.878227673,0.478242777,-0.182321563,13.25,112.2,1772.3,20.15,6.05,53.8,24,320.6,1,0,0,-1.875,Acacia,3
BFQ977_2,BFQ977,2,0.243276288,0.176669945,0,0.419946233,10.1561434,77.2811407,77.8,8,0,0,0,0,0,23,0,0,0,0,0,0,0,0,0,0,0,0,0,0,0,0,0,0,18,9.961548805,2215,18.76408195,27.64055061,0,0.97867779,0.205401517,-1.280933857,13.25,112.2,1772.3,20.15,6.05,53.8,24,320.6,6,0,0,3,Mixed,23
BFW737_1,BFW737,1,0,0.109506559,0,0.109506559,10.1521881,77.0623534,72.8,0,0,0,0,0,0,1,0,0,0,0,0,0,0,0,0,0,0,0,0,0,0,0,0,0,11,-5.424372196,1791,32.89361572,48.47679901,0,0.220261033,-0.975440965,1.663505197,15.35000038,101.5,3129.2,22.85,8.85,59.2,33.7,411.3,6,0,0,2.25,Eucalyptus,0
BFW737_2,BFW737,2,0,0.275075446,0,0.275075446,10.1526434,77.0623806,64.4,0,0,0,0,0,0,2,0,0,0,0,0,0,0,0,0,0,0,37,0,0,0,0,5,0,8,10.67008972,1832,28.40681267,55.04543686,0,0.316227815,-0.948683282,-1.280933857,15.35000038,101.5,3129.2,22.85,8.85,59.2,33.7,411.3,10,0,0,13,Eucalyptus,2
BFY852_1,BFY852,1,0,0.063622189,0,0.063622189,10.1492213,77.1680082,42.8,0,0,0,0,0,0,74,0,0,0,0,7,0,0,0,0,0,0,0,0,0,0,0,2,0,8,27.10385323,1667,8.547049522,13.85640621,0,-0.707106781,-0.707106781,-1.280933857,17.64999962,111,2148,25.05,10.85,55.4,26.2,330.6,5,0,0,0,Eucalyptus,74
BFY852_2,BFY852,2,0,0.183489734,0,0.183489734,10.149945,77.1679798,57.2,0,0,4,0,0,0,36,0,0,0,0,12,0,0,0,0,0,0,0,0,0,0,0,2,0,12,18.86056328,1680,9.243041039,15.19868374,0,1.22E-16,-1,-1.280933857,17.64999962,110.9,2141.2,23.75,9.75,55.1,26.3,332.7,10,0,0,-0.625,Eucalyptus,36
BFY852_3,BFY852,3,0,0.097609727,0,0.097609727,10.150522,77.1680645,65.6,0,0,0,0,0,0,22,0,0,0,0,0,0,0,0,0,0,0,0,0,0,0,0,0,0,13,3.878749847,1694,14.99843788,19.82422829,0,0.288741957,-0.957406958,0.328504086,16.54999924,110.9,2141.2,23.75,9.75,55.1,26.3,332.7,5,0,0,0.125,Eucalyptus,22
BFY852_4,BFY852,4,0,0.10625184,0,0.10625184,10.15018,77.1673614,57.6,0,0,1,0,0,0,12,0,0,0,0,5,0,0,0,0,0,0,0,0,0,0,0,1,0,10,-7.30009985,1690,13.72564697,19.82422829,0,0.183282324,-0.983060318,1.71479845,16.54999924,110.9,2141.2,23.75,9.75,55.1,26.3,332.7,8,0,0,1.125,Eucalyptus,12
BFY852_5,BFY852,5,0,0.14803797,0,0.14803797,10.1496764,77.1672419,45.6,0,0,0,0,0,0,12,0,0,3,0,6,0,0,0,0,0,0,0,0,0,0,0,0,0,8,-1.094465613,1686,11.43286133,18.33030319,0,0.994834147,-0.101513648,-1.280933857,17.64999962,111,2148,25.05,10.85,55.4,26.2,330.6,6,0,0,2.25,Eucalyptus,12
BFY852_6,BFY852,6,0,0.109721418,0,0.109721418,10.1503344,77.1666275,52.8,0,0,1,0,0,0,3,0,0,1,0,3,0,0,0,0,0,0,0,0,0,0,0,0,0,10,4.828771114,1703,13.10233402,18.62793541,0,0.613940628,-0.789352206,0.79850769,15.75,110.9,2141.2,23.75,9.75,55.1,26.3,332.7,9,0,0,2.125,Eucalyptus,3
BFY852_7,BFY852,7,0,0.108320854,0,0.108320854,10.1499591,77.1666679,60.8,0,0,1,0,0,0,3,0,0,0,0,2,0,0,0,0,0,0,0,0,0,0,0,0,0,12,0.831736624,1696,11.89534283,16.12451553,0,0.58123814,-0.81373351,0.664976239,17.64999962,110.9,2141.2,23.75,9.75,55.1,26.3,332.7,9,0,0,-0.25,Eucalyptus,3
BFY852_8,BFY852,8,0,0.063566484,0,0.063566484,10.1495322,77.166557,60.4,0,0,0,0,0,0,30,0,0,0,0,0,0,0,0,0,0,0,0,0,0,0,0,0,0,12,20.851717,1693,2.343616962,9,0,0.800000018,-0.599999976,-1.280933857,16.95000076,111,2148,25.05,10.85,55.4,26.2,330.6,6,0,0,2.125,Eucalyptus,30
BFZ787_3,BFZ787,3,0,0.168672409,0,0.168672409,10.1496914,77.1085593,52.8,0,0,0,0,0,0,0,0,0,0,0,18,0,0,0,0,0,0,0,0,0,0,0,0,0,19,-7.376171112,1444,32.83635712,53.18834305,0,-0.773392139,0.633927914,-0.182321563,17.25,106.4,2592.6,24.75,10.65,56.6,31.1,378.2,6,0,37,-8.375,Eucalyptus,0
BFZ787_4,BFZ787,4,0,0.127785504,0,0.127785504,10.1491542,77.108042,20.6,0,0,0,0,0,0,1,0,0,0,0,1,0,0,0,0,0,0,0,0,0,0,0,7,0,11,6.142505169,1463,24.86026382,35.87478256,0,-0.475148958,0.879905374,1.021651268,17.85000038,105.7,2678.2,25.35,11.15,56.9,31.7,385.6,7,0,307,2.125,Eucalyptus,1
BGA971_1,BGA971,1,0.116278601,0,0,0.116278601,10.1481593,77.2754883,69.2,1,0,0,0,0,0,0,0,0,0,0,0,0,0,0,0,0,0,0,0,0,0,0,0,0,15,7.922751427,2394,27.95343399,44.45222092,0,0.600000083,-0.799999938,-0.587786674,13.64999962,115.8,1753.5,20.65,6.35,54.1,23.5,313.3,4,0,0,6,Acacia,0
BGA971_2,BGA971,2,0.077365218,0,0,0.077365218,10.148179,77.2750698,91.2,7,0,0,0,0,0,3,0,0,0,0,0,0,0,0,0,0,0,0,0,0,0,0,4,0.2,15,4.10878706,2403,20.47787857,29.66479301,0,0.316227815,-0.948683282,0.105360508,13.64999962,115.8,1753.5,20.65,6.35,54.1,23.5,313.3,3,0,0,1.5,Acacia,3
BGA971_3,BGA971,3,0.113907193,0,0,0.113907193,10.1479955,77.2759748,73.4,0,0,0,0,0,0,2,0,0,0,0,0,0,0,0,0,0,0,0,0,0,0,0,0,0,14,-6.950108051,2360,32.76895523,51.29327393,0,0.640808206,-0.767701012,0.105360508,13.64999962,115.8,1753.5,20.65,6.35,54.1,23.5,313.3,6,0,0,-3.625,Acacia,2
BGA971_4,BGA971,4,0.207219736,0,0,0.207219736,10.1476571,77.2759273,84.6,5,0,0,0,0,0,5,0,0,0,0,0,0,0,0,0,0,0,0,0,0,0,0,1,0.2,19,-2.915504932,2361,35.89332962,54.00925827,0,0.740195745,-0.672391448,-0.182321563,13.64999962,115.8,1753.5,20.65,6.35,54.1,23.5,313.3,7,0,0,-1.625,Acacia,5
BGA971_5,BGA971,5,0.239217837,0,0,0.239217837,10.1471151,77.2761567,87.4,2,0,0,0,0,0,70,0,0,0,0,0,0,0,0,0,0,0,0,0,0,0,0,0,0.2,24,3.736423492,2330,26.54859543,37.58989334,0,0.919145012,-0.39391934,-1.280933857,13.64999962,115.8,1753.5,20.65,6.35,54.1,23.5,313.3,5,0,0,1.625,Acacia,70
BGA971_6,BGA971,6,0.31988552,0,0,0.31988552,10.1467306,77.2760709,82.4,8,0,0,0,0,0,13,0,0,0,0,0,0,0,0,0,0,0,0,0,0,0,0,0,0.2,32,4.006440639,2314,20.02450943,29.58039856,0,0.729187211,-0.684314264,1.203972816,13.64999962,115.8,1753.5,20.65,6.35,54.1,23.5,313.3,6,0,0,-1.125,Acacia,13
BGA971_7,BGA971,7,0.452939053,0,0,0.452939053,10.1466911,77.2756088,91.4,1,0,0,0,0,0,46,0,0,0,0,0,0,0,0,0,0,0,0,0,0,0,0,0,0,29,-1.559375405,2333,27.79800797,39.3446312,0,0.650791283,-0.75925668,0.664976239,13.64999962,115.8,1753.5,20.65,6.35,54.1,23.5,313.3,11,0,0,-1.5,Acacia,46
BGA971_8,BGA971,8,0.212702624,0,0,0.212702624,10.1489908,77.2759813,87.8,8,0,0,0,0,0,16,0,0,0,0,0,0,0,0,0,0,0,0,0,0,0,0,13,0,22,3.822230577,2404,22.18195152,30.41381264,0,0.369667278,-0.929164196,-0.182321563,13.64999962,115.8,1753.5,20.65,6.35,54.1,23.5,313.3,6,0,0,0.875,Acacia,16
BGC1074_1,BGC1074,1,0.42500736,0,0.552904272,0.977911632,10.14417,77.37028,69.6,17,0,0,0,0,0,0,0,0,0,0,0,0,0,0,0,0,0,0,0,0,0,0,0,0.8,7,-21.86885262,2186,5.350893974,11.18033981,0,0.043437267,0.999056157,-1.280933857,14.25,122.7,1681.6,21.25,6.55,55.1,24.1,338.8,18,0,0,-1.125,Mixed,0
BGC1074_2,BGC1074,2,0.23521509,0.296067983,0,0.531283073,10.14472,77.37028,70.2,21,0,0,0,0,0,0,0,0,0,0,0,0,0,0,0,0,0,0,0,0,0,0,1,0.8,12,-11.99529362,2188,14.64692783,19.20937347,0,0.766936774,-0.64172267,-0.182321563,14.25,122.7,1681.6,21.25,6.55,55.1,24.1,338.8,12,0,0,0.625,Mixed,0
BGC1074_3,BGC1074,3,0.566090259,0.613144418,0,1.179234677,10.14528,77.37028,75,12,0,0,0,0,0,0,0,0,0,0,0,0,0,0,0,0,0,0,0,0,0,0,0,0.8,10,1.603501201,2199,12.78599358,17.52141571,0,0.358978999,-0.933345637,-1.280933857,14.25,122.7,1681.6,21.25,6.55,55.1,24.1,338.8,18,0,0,-0.375,Mixed,0
BGC1074_4,BGC1074,4,0.219968047,0.216649666,0,0.436617713,10.14528,77.36889,73.6,45,0,0,0,0,0,0,0,0,0,0,0,0,0,0,0,0,0,0,0,0,0,0,0,1,28,-12.10050392,2197,14.50285435,19.97498512,0,-0.87115215,-0.491013169,-0.587786674,14.25,122.7,1681.6,21.25,6.55,55.1,24.1,338.8,7,0,0,0.625,Mixed,0
BGC1074_5,BGC1074,5,0.019106551,0.545575187,0.016114438,0.580796176,10.14417,77.36917,68.8,20,0,0,0,0,0,0,0,0,0,0,0,0,0,0,0,0,0,0,0,0,0,0,4,1,8,25.49098015,2206,9.222583771,15.93737698,349,-0.755689086,-0.654930534,-1.280933857,14.25,122.7,1681.6,21.25,6.55,55.1,24.1,338.8,9,5.857933154,0,3,Mixed,0
BGC1074_6,BGC1074,6,0.40173095,0.064457752,0,0.466188702,10.145,77.36889,75.4,40,0,0,0,0,0,0,0,0,0,0,0,0,0,0,0,0,0,0,0,0,0,0,0,1,6,-15.32192707,2193,16.52310753,22.86919403,0,-0.996545759,-0.083045475,0.328504086,14.25,122.7,1681.6,21.25,6.55,55.1,24.1,338.8,10,0,0,-1.375,Mixed,0
BGC1074_7,BGC1074,7,0.05256092,0.356419537,0,0.408980457,10.14528,77.36972,77,3,0,0,0,0,0,0,0,0,0,0,0,0,0,0,0,0,0,0,0,0,0,0,0,1,11,32.99573135,2207,7.498343468,13.52774906,0,0.371390634,-0.928476708,-1.280933857,14.25,122.7,1681.6,21.25,6.55,55.1,24.1,338.8,8,0,0,2.375,Mixed,0
BGC1074_8,BGC1074,8,0.092819163,0.364600101,0.035722327,0.493141591,10.14472,77.36972,70.8,51,0,0,0,0,0,0,0,0,0,0,0,0,0,0,0,0,0,0,0,0,0,0,0,0.8,14,23.36522102,2208,14.72420311,28.16025543,0,1,6.12E-17,-1.280933857,14.25,122.7,1681.6,21.25,6.55,55.1,24.1,338.8,7,0,0,6.375,Mixed,0
BGC867_1,BGC867,1,0,0.411606514,0,0.411606514,10.1465165,77.1807951,67.8,0,0,0,0,0,0,9,0,0,0,0,11,0,0,0,0,0,0,0,0,0,0,0,1,0,7,-10.10906696,1552,16.139328,23.40939903,0,-0.663487249,-0.74818759,1.021651268,17.85000038,112,2121.4,25.15,10.95,55.2,26.1,330.3,6,0,193,-3.25,Eucalyptus,9
BGC867_2,BGC867,2,0,0.244565443,0,0.244565443,10.1463098,77.1809217,62.6,0,0,0,0,0,0,7,0,0,0,0,24,0,0,0,0,0,0,0,3,0,0,0,4,0,13,-10.10906696,1552,16.139328,23.40939903,0,-0.663487249,-0.74818759,1.021651268,17.85000038,112,2121.4,25.15,10.95,55.2,26.1,330.3,2,0,156,-3.25,Eucalyptus,7
BGE887_1,BGE887,1,0,3.237211542,0,3.237211542,10.1445655,77.1994911,70.8,0,0,0,1,0,0,20,0,2,0,0,0,2,0,0,0,0,0,0,0,4,0,0,0,0,12,11.40742016,1673,23.54434967,32.64965439,0,-0.458404648,-0.888743595,-0.587786674,17.04999924,113,2071.6,24.35,10.05,54.8,25.9,331.7,4,0,424,2.75,Eucalyptus,22
BGE887_2,BGE887,2,0,0.537601525,0,0.537601525,10.144588,77.1991653,64.6,0,0,1,3,0,0,25,0,5,0,0,0,2,0,0,0,0,0,0,0,1,3,0,0,0,6,11.1675806,1671,19.58103943,26.05762863,0,-0.933938619,-0.357433429,-1.280933857,17.04999924,113,2071.6,24.35,10.05,54.8,25.9,331.7,5,0,343,0.875,Eucalyptus,30
BGF1022_1,BGF1022,1,0.323442633,0,0,0.323442633,10.142873,77.3224571,66.6,7,0,0,0,0,0,10,0,0,0,0,0,0,0,0,0,0,0,0,0,0,0,0,0,0,19,7.365439415,2198,26.31490898,38.22303009,0,-0.77763009,-0.628722072,-0.182321563,13.64999962,118,1721.6,20.65,6.15,54.1,24.4,332.3,4,0,0,4.625,Acacia,10
BGF1022_2,BGF1022,2,0.27255284,0,0,0.27255284,10.1423345,77.3223686,35.6,5,0,0,0,0,0,90,0,0,0,0,0,0,0,0,0,0,0,0,0,0,0,0,8,0,27,-11.20962906,2176,12.98245811,22.24859619,0,-0.834772707,-0.550594704,0.328504086,13.64999962,118,1721.6,20.65,6.15,54.1,24.4,332.3,2,0,0,-2.125,Acacia,90
BGI890_1,BGI890,1,0,0.124705856,0,0.124705856,10.140593,77.201692,74.4,0,0,8,0,0,0,49,0,0,0,0,0,0,0,0,0,0,0,0,0,0,0,0,0,0,28,54.99927521,1728,6.623408318,19.57038498,26765,-0.989949508,-0.141421253,-1.280933857,16.95000076,116.4,2038.4,24.25,9.85,54.7,25.8,330.9,10,10.1948877,184,5.625,Eucalyptus,49
BGI916_1,BGI916,1,0,0.17990079,0,0.17990079,10.1406809,77.2256141,58,0,0,5,0,0,0,9,0,0,0,0,2,0,0,0,0,0,0,0,0,0,0,0,3,0,11,26.29039383,1832,8.953972816,13.85640621,8585,0.595846891,-0.803098053,-1.280933857,16.54999924,116.6,1924.7,23.85,9.45,54.3,25,324.3,6,9.057888249,0,2.25,Eucalyptus,9
BGI916_2,BGI916,2,0,0.187134382,0,0.187134382,10.1403404,77.2253881,62.6,0,0,3,0,0,0,19,0,0,0,0,14,0,0,0,0,0,0,0,0,0,0,0,3,0,13,28.08762741,1827,12.91501999,18.30300522,12051,-0.284088374,-0.9587981,-1.280933857,16.54999924,116.6,1924.7,23.85,9.45,54.3,25,324.3,6,9.3969859,0,2.375,Eucalyptus,19
BGI916_3,BGI916,3,0,0.087208951,0,0.087208951,10.1401284,77.2263005,45.2,0,0,0,0,0,0,16,0,0,0,0,11,0,0,0,0,0,0,0,0,0,0,0,0,0,13,16.43878365,1804,13.95580292,19.46792221,0,0.991227902,-0.132163707,-1.280933857,16.54999924,116.6,1924.7,23.85,9.45,54.3,25,324.3,5,0,0,0.375,Eucalyptus,16
BGI916_5,BGI916,5,0,0.150870928,0,0.150870928,10.1410554,77.2262902,61.8,0,0,6,0,0,0,6,0,0,0,0,4,0,0,0,0,0,0,0,0,0,0,0,2,0,12,17.16481781,1813,19.67760277,34.4528656,0,0.905596543,0.424140191,-1.280933857,16.54999924,116.6,1924.7,23.85,9.45,54.3,25,324.3,7,0,0,6.125,Eucalyptus,6
BGI916_6,BGI916,6,0,0.116374094,0,0.116374094,10.139978,77.2249388,61.6,0,0,5,0,0,0,30,0,0,0,0,12,0,0,0,0,0,0,0,0,0,0,0,9,0,13,-6.753328323,1818,16.47808838,26.64582443,16937,-0.942990344,-0.332820088,-0.587786674,16.14999962,116.6,1924.7,23.85,9.45,54.3,25,324.3,5,9.737314897,0,3.75,Eucalyptus,30
BGI916_7,BGI916,7,0,0.135369237,0,0.135369237,10.1404983,77.2250059,63,0,0,9,0,0,0,0,0,0,0,0,2,0,0,0,0,0,0,0,0,0,0,0,22,0,19,10.06246471,1825,22.88285255,34.04409027,21949,-0.972387326,-0.233372854,-1.280933857,16.54999924,116.6,1924.7,23.85,9.45,54.3,25,324.3,7,9.996522419,0,3.625,Eucalyptus,0
BGI916_8,BGI916,8,0,0.084192965,0,0.084192965,10.1410662,77.2249545,36.8,0,0,4,0,0,0,1,0,0,0,0,1,0,0,0,0,0,0,0,0,0,0,0,20,0,6,3.697415829,1822,24.27043152,36.37306595,26162,-0.890761925,0.454470233,-0.587786674,16.14999962,116.6,1924.7,23.85,9.45,54.3,25,324.3,5,10.17210148,0,4.125,Eucalyptus,1
BGK892_1,BGK892,1,0,0.097052684,0,0.097052684,10.1392428,77.2038466,68.2,0,0,4,0,0,0,37,0,6,0,0,9,0,0,0,0,0,0,0,0,0,0,0,25,0,18,3.417387247,1671,18.2413044,26.07680893,0,-0.719401217,0.694594766,-0.182321563,16.95000076,116.4,2038.4,24.25,9.85,54.7,25.8,330.9,5,0,247,1,Eucalyptus,43
BGL711_2,BGL711,2,0,0.100188037,0,0.100188037,10.1389675,77.0393885,60.8,0,0,0,0,0,0,19,0,0,0,0,0,0,0,0,0,0,0,0,0,0,0,0,12,0,18,19.01356888,1536,12.33851433,18,44034,-0.447213549,-0.894427214,-1.280933857,17.75,103.3,3409.5,25.45,11.25,61.6,34.2,420.5,4,10.69274005,240,1.75,Eucalyptus,19
BGS746_1,BGS746,1,0,0.01529479,0,0.01529479,10.1322662,77.0704758,74.6,0,0,3,0,0,0,11,1,0,0,0,0,0,0,0,0,0,0,0,0,0,0,0,8,0,21,0.812843144,1700,24.14198875,36.27671432,20419,-0.054464508,-0.998515707,-0.182321563,17.25,104.9,3010.6,24.95,10.65,59.2,32.7,403.7,2,9.924270092,0,-4.75,Eucalyptus,12
BGS746_2,BGS746,2,0,0.019138382,0,0.019138382,10.132555,77.0704054,77,0,0,0,0,0,0,6,0,0,0,0,0,0,0,0,0,0,0,0,0,0,0,0,4,0,18,6.466153622,1716,25.46273804,39.19183731,14912,-0.402164992,-0.915567212,-1.280933857,17.25,104.9,3010.6,24.95,10.65,59.2,32.7,403.7,2,9.609988595,0,1.75,Eucalyptus,6
BGT732_1,BGT732,1,0,0.038992961,0,0.038992961,10.1314226,77.0575743,47.6,0,0,0,0,0,0,11,0,0,0,0,16,0,0,0,0,0,0,0,0,0,0,0,0,0.1,42,-10.29641533,1451,7.055989742,10.29563046,19548,-0.826926541,-0.562309965,0.328504086,17.85000038,103.7,3219.2,25.55,11.35,60.4,33.7,415.5,1,9.880679413,97,0,Eucalyptus,11
BGT732_2,BGT732,2,0,0.082330852,0,0.082330852,10.1318035,77.0576798,63.8,0,0,0,0,0,0,0,0,0,5,0,4,0,0,0,0,0,0,0,0,0,0,0,0,0,21,-3.54192996,1454,13.2205286,24.26932144,22846,-0.99617471,0.087383901,-0.587786674,17.85000038,103.7,3219.2,25.55,11.35,60.4,33.7,415.5,5,10.0365751,3,-4.625,Eucalyptus,0
BGW870_7,BGW870,2,0.114591559,0,0,0.114591559,10.1280401,77.1828527,69.8,0,0,0,0,0,0,40,0,0,0,0,0,0,0,0,0,0,0,0,0,0,0,0,1,0,23,8.41054821,2136,33.21886063,51.96152496,38202,-0.267323063,0.963606963,0.105360508,15.35000038,111.9,2106.2,22.75,8.35,55.7,25.7,324.7,1,10.55066933,0,3.75,Acacia,40
BGZ816_2,BGZ816,2,0,0.016910213,0,0.016910213,10.1259352,77.1342939,37.2,0,0,1,0,0,0,48,3,0,0,0,2,0,0,0,0,0,0,0,0,0,0,0,0,0,21,-6.948649883,1621,31.02093887,50.13980484,0,0.720571868,-0.693380259,-0.587786674,16.64999962,110.3,2330.8,24.25,9.85,56.7,27.7,341.9,2,0,227,-6.25,Eucalyptus,51
BHB840_1,BHB840,1,0,0.502539691,0,0.502539691,10.1242109,77.156779,75.6,0,0,0,0,0,0,36,26,0,0,0,12,0,0,0,0,0,0,0,0,0,0,0,3,0,7,-6.473779202,1503,12.07318211,19.4935894,0,-0.687744661,0.725952672,0.664976239,17.75,112,2201.2,25.35,10.75,56.8,26,323.4,8,0,270,-3.25,Eucalyptus,63
BHB840_2,BHB840,2,0,0.83634331,0,0.83634331,10.123533,77.1557837,79.2,0,0,1,0,0,0,25,0,0,0,0,7,3,0,0,0,0,0,0,0,0,0,0,2,0.2,6,10.50852871,1515,5.656477451,26.24880981,0,-0.784882788,-0.61964426,-1.280933857,17.75,112,2201.2,25.35,10.75,56.8,26,323.4,13,0,243,6.875,Eucalyptus,25
BHC806_2,BHC806,2,0,0.187500438,0,0.187500438,10.1232934,77.1246716,42.8,0,0,0,0,0,0,49,0,0,0,0,0,0,0,0,0,0,0,0,0,0,0,0,1,0,9,-15.02016354,1661,25.45093918,38.1051178,0,-0.222360288,-0.974964565,2.120263577,17.14999962,110.4,2459.8,24.75,10.25,57.4,28.8,353.9,8,0,416,-4.25,Eucalyptus,0
BHC806_3,BHC806,4,0,0.203789947,0,0.203789947,10.1222759,77.1255558,60.4,0,0,3,0,0,0,37,1,0,0,0,6,0,0,0,0,0,0,0,0,0,0,3,0,0,23,11.87055874,1639,29.81654167,45.16635895,0,-0.19884675,-0.980030597,-0.182321563,17.64999962,110.4,2384.8,25.35,10.85,57.2,28.1,344.9,7,0,509,3.25,Eucalyptus,33
BHC806_5,BHC806,5,0,0.147990224,0,0.147990224,10.1222938,77.1246311,46.8,0,0,0,0,0,0,0,0,0,0,0,11,0,0,0,0,0,0,0,0,0,0,0,13,0.2,20,1.887758374,1627,24.0163002,34.81378937,0,-0.734099393,-0.679042032,-0.587786674,17.14999962,110.4,2459.8,24.75,10.25,57.4,28.8,353.9,7,0,370,-2,Eucalyptus,0
BHC806_6,BHC806,6,0,0.182693959,0,0.182693959,10.1225169,77.1246564,60.8,0,0,0,0,0,0,4,0,0,1,0,2,0,0,0,0,0,0,0,0,0,0,0,0,0,19,1.934387088,1641,23.17795563,35.04283142,0,-0.667909779,-0.74424225,0.105360508,17.14999962,110.4,2459.8,24.75,10.25,57.4,28.8,353.9,6,0,368,4,Eucalyptus,0
BHC806_7,BHC806,7,0,0.150170647,0,0.150170647,10.1228316,77.1243976,66.2,0,0,0,0,0,0,49,0,0,0,0,2,0,0,0,0,0,0,0,0,0,0,0,1,0,14,-11.10587692,1637,14.31596565,22,0,-0.447213549,-0.894427214,3.062871456,17.14999962,110.4,2459.8,24.75,10.25,57.4,28.8,353.9,8,0,307,-3.75,Eucalyptus,0
BHC806_8,BHC806,8,0,0.116278601,0,0.116278601,10.0800949,77.1383448,57.2,0,0,6,0,0,0,27,3,0,0,0,2,0,0,0,0,0,0,0,0,0,0,0,3,0,21,-6.453895092,1510,32.61767197,50.55690002,0,-0.127164248,0.991881673,0.105360508,17.95000076,116.4,2152.4,25.85,10.75,59.2,23.4,296.2,7,0,0,-4.75,Eucalyptus,0
BHG797_1,BHG797,1,0,0.116962968,0,0.116962968,10.1192961,77.1172857,40,0,0,14,0,0,0,17,0,0,0,0,0,0,0,0,0,0,0,0,0,0,0,0,4,0,7,-2.231762886,1705,28.42500305,39.88734055,0,-0.172927412,-0.984934572,-0.182321563,17.14999962,110.4,2459.8,24.75,10.25,57.4,28.8,353.9,4,0,0,-0.875,Eucalyptus,17
BHG797_2,BHG797,2,0,0.229461639,0,0.229461639,10.1197146,77.1170841,49.2,0,0,4,0,0,0,7,28,0,0,0,0,0,0,0,0,0,0,0,0,0,0,0,5,0,8,11.91855621,1737,19.86754608,30.33150101,0,-0.247833295,-0.968802693,-1.280933857,17.14999962,110.4,2459.8,24.75,10.25,57.4,28.8,353.9,9,0,0,4.25,Eucalyptus,35
BHG797_3,BHG797,3,0,0.041133595,0,0.041133595,10.120235,77.1175104,34.4,0,0,0,0,0,0,40,9,0,0,0,15,0,0,0,0,0,0,0,0,0,0,0,11,0,16,5.789767265,1748,14.06235313,19.92485809,0,0.784045745,-0.620703044,-0.587786674,17.14999962,110.4,2459.8,24.75,10.25,57.4,28.8,353.9,4,0,0,1.875,Eucalyptus,49
BHG797_4,BHG797,4,0,0.007647395,0,0.007647395,10.1202335,77.1168873,44.4,0,0,0,0,0,0,42,0,0,0,0,0,0,0,0,0,0,0,0,0,0,0,0,9,0,15,18.73361588,1755,15.19087791,26.53299904,0,-0.224859452,-0.974391208,-1.280933857,17.14999962,110.4,2459.8,24.75,10.25,57.4,28.8,353.9,1,0,0,5.75,Eucalyptus,42
BHG797_5,BHG797,5,0,0.052186906,0,0.052186906,10.1202473,77.116265,40.4,0,0,1,0,0,0,10,6,0,0,0,1,0,0,0,0,0,0,0,0,0,0,0,19,0,13,10.78526115,1736,21.84312248,30.72458267,0,-0.827306273,-0.561751129,-0.587786674,16.95000076,107.6,2536.5,24.65,10.15,57.6,29.4,362.4,5,0,0,-1,Eucalyptus,16
BHH723_3,BHH723,3,0,0.231474949,0,0.231474949,10.1193693,77.050119,56,0,0,0,0,0,0,7,0,0,0,0,3,0,0,0,0,0,0,0,0,0,0,0,24,0,12,11.47455788,1632,14.27355289,23.32380676,0,0.934997525,0.354654238,-1.280933857,17.95000076,104.8,3206.6,25.65,11.35,60.5,33.5,415.2,6,0,0,4.5,Eucalyptus,7
BHH723_8,BHH723,8,0,0.142252688,0,0.142252688,10.1183483,77.0496765,57,0,0,1,0,0,0,18,0,0,0,0,0,0,0,0,0,0,0,0,0,0,0,0,13,0,11,-6.307291508,1620,26.7215004,37.74917221,0,-0.953459456,-0.301521252,-0.182321563,17.04999924,103.3,3305.2,24.85,10.55,61.1,33.9,420.1,2,0,0,0.625,Eucalyptus,18
BHH732_1,BHH732,1,0,0.033820425,0,0.033820425,10.1187597,77.0576571,68,0,0,0,0,0,0,17,0,0,0,0,10,0,0,0,0,0,0,0,0,0,0,0,0,0,14,7.994561195,1452,15.85041142,21.81742477,0,-0.83646119,-0.548026164,0.91629076,17.95000076,104.8,3206.6,25.65,11.35,60.5,33.5,415.2,2,0,199,0,Eucalyptus,17
BHH732_2,BHH732,2,0,0.033971623,0,0.033971623,10.119064,77.0577572,62.6,0,0,0,0,0,0,13,0,0,5,0,6,0,0,0,0,0,0,0,0,0,0,0,5,0,18,9.998913765,1459,11.61013126,23.08679199,0,-0.999200974,-0.039967661,-1.280933857,17.95000076,104.8,3206.6,25.65,11.35,60.5,33.5,415.2,2,0,169,5.375,Eucalyptus,13
BID778_1,BID778,1,0,0.142204942,0,0.142204942,10.0991072,77.0995552,74,0,0,0,0,0,0,29,0,0,0,0,8,0,0,0,0,0,0,0,0,0,0,0,0,0,22,15.71419334,1603,17.85161781,27.56809807,0,0.063164855,-0.998003107,0.328504086,17.35000038,109.6,2612.6,25.25,10.55,59.5,28.2,354.5,2,0,0,4.25,Eucalyptus,29
BIP803_1,BIP803,1,0,0.017896973,0,0.017896973,10.0878978,77.1218251,45.6,0,0,1,0,0,0,5,0,0,0,0,11,0,0,0,0,0,0,0,0,0,0,0,3,0,19,1.466835976,1593,26.09630775,38.56163788,0,-0.600000083,-0.799999938,-0.182321563,17.64999962,112.9,2326.6,25.55,10.65,59.3,25.2,318.7,2,0,0,-3.875,Eucalyptus,5
BJF778_3,BJF778,3,0,0.136268462,0,0.136268462,10.0742372,77.0985712,55.2,0,0,0,0,0,0,14,0,0,0,0,2,0,0,0,0,0,0,0,0,0,0,0,6,0,10,13.95038033,1565,12.00200939,20.39607811,21939,-0.886584977,0.462565756,-1.280933857,17.75,114.1,2511.1,25.75,10.85,60.9,25.8,330.6,5,9.996066734,236,-1.75,Eucalyptus,14
BJF778_4,BJF778,4,0,0.193086777,0,0.193086777,10.0734908,77.0989524,67.6,0,0,5,0,0,0,12,0,0,0,0,0,0,0,0,0,0,0,0,0,0,0,0,6,0,13,9.698734283,1580,12.19150543,19.77371979,15497,-0.795431648,0.60604331,-1.280933857,17.75,114.1,2511.1,25.75,10.85,60.9,25.8,330.6,3,9.648466262,104,-0.625,Eucalyptus,12
BJF778_5,BJF778,5,0,0.337814324,0,0.337814324,10.0738507,77.0999353,61.6,0,0,1,0,0,0,2,0,0,0,0,11,0,0,0,0,0,0,0,0,0,0,0,4,0,17,-3.727296114,1571,24.50046921,34.88552856,2,0.017854348,0.999840598,-0.587786674,17.75,115.4,2415.8,25.65,10.65,60.7,24.9,319.7,3,1.098612289,286,-1.625,Eucalyptus,2
BJF778_6,BJF778,6,0,0.33267362,0,0.33267362,10.0736149,77.0995484,59.8,0,0,3,0,0,0,10,0,0,0,0,0,0,0,0,0,0,0,0,0,0,0,0,0,0.4,8,4.143800259,1583,8.887733459,15.62049961,3118,0.652939646,0.757409941,-1.280933857,17.75,114.1,2511.1,25.75,10.85,60.9,25.8,330.6,7,8.045267717,207,1.5,Eucalyptus,10
BJF778_7,BJF778,7,0,0.069343809,0,0.069343809,10.0737456,77.0999224,69.4,0,0,1,0,0,0,12,0,0,0,0,10,0,0,0,0,0,0,0,0,0,0,0,0,0,27,12.03995514,1588,14.30816746,30.74085236,72,-0.33532472,0.942102612,-1.280933857,17.75,115.4,2415.8,25.65,10.65,60.7,24.9,319.7,4,4.290459441,304,7.875,Eucalyptus,12
BJW776_1,BJW776,1,0,0.079179584,0,0.079179584,10.0584851,77.0977643,67.6,0,0,1,0,0,0,40,0,0,0,0,34,0,0,0,0,0,0,0,0,0,0,0,0,0,25,25.01402664,1434,3.871168852,7.937253952,0,-0.970142452,0.242535819,-1.280933857,18.04999924,114.3,2473.8,26.05,11.05,61.3,25,323.3,3,0,457,0.125,Eucalyptus,40
BO237_2,BO237,2,0.319479675,0,0,0.319479675,11.4785,76.61267,75.8,0,2,0,0,0,0,0,0,0,0,0,0,0,0,0,0,0,0,0,0,0,0,0,0,1,10,14.57196236,2047,10.26433468,17.66352081,0,-0.978790683,0.204862878,-1.280933857,14.85000038,126.7,1740.9,22.85,6.85,63.7,15.3,245.8,17,0,0,3.75,Acacia,15
BO237_3,BO237,3,0.317283337,0,0,0.317283337,11.47825,76.61271,71,8,0,0,0,0,0,0,0,0,0,0,0,0,0,0,0,0,0,0,0,0,0,0,0,1,11,16.32824898,2047,10.44616222,17.77638817,0,-0.98386993,-0.178885329,-1.280933857,14.85000038,126.7,1740.9,22.85,6.85,63.7,15.3,245.8,17,0,0,3.75,Acacia,0
BO237_4,BO237,4,0.164239944,0,0,0.164239944,11.47822,76.61333,41.6,8,0,0,0,0,0,0,0,0,0,0,0,0,0,0,0,0,0,0,0,0,0,0,0,1,14,32.41825867,2047,4.916642189,7.745966911,0,0.957826298,-0.287347842,-1.280933857,14.85000038,126.7,1740.9,22.85,6.85,63.7,15.3,245.8,8,0,0,1.25,Acacia,37
BO237_5,BO237,5,0.10844022,0,0,0.10844022,11.47809,76.61399,59.6,0,0,0,0,0,0,0,0,0,0,0,0,0,0,0,0,0,0,0,0,0,0,0,0,1,13,-0.375988185,2033,22.46332741,31.04834938,0,0.824331583,-0.56610727,-0.587786674,14.85000038,126.7,1740.9,22.85,6.85,63.7,15.3,245.8,5,0,0,2.5,Acacia,56
BO237_6,BO237,6,0.089811134,0,0,0.089811134,11.47836,76.61382,54,8,3,0,0,0,0,0,0,0,0,0,0,0,0,0,0,0,0,0,0,0,0,0,0,1,13,17.94285965,2039,16.2148037,26.01922417,0,0.905458916,-0.424433919,-1.280933857,14.85000038,126.7,1740.9,22.85,6.85,63.7,15.3,245.8,3,0,0,3.875,Acacia,14
BO237_7,BO237,7,0.180720438,0,0,0.180720438,11.47875,76.61406,53.4,7,6,0,0,0,0,0,0,0,0,0,0,0,0,0,0,0,0,0,0,0,0,0,0,1,13,-4.810414791,2026,13.24988556,19.41648865,0,0.467887708,0.883787923,-0.587786674,14.85000038,126.7,1740.9,22.85,6.85,63.7,15.3,245.8,8,0,0,-0.125,Acacia,23
BO237_8,BO237,8,0.105479939,0,0,0.105479939,11.47867,76.61333,52.6,2,1,0,0,0,0,0,0,0,0,0,0,0,0,0,0,0,0,0,0,0,0,0,0,1,12,19.67445755,2047,6.650503635,11.83216,0,0.773957311,0.633237776,-1.280933857,14.85000038,126.7,1740.9,22.85,6.85,63.7,15.3,245.8,6,0,0,2.25,Acacia,27
CL193_3,CL193,3,0.025154439,0,0,0.025154439,11.45769,76.57284,68.4,0,0,0,0,0,0,0,0,0,0,0,0,0,0,0,0,0,0,0,0,0,0,0,0,1,15,8.899292946,2126,17.09009552,23.23789978,0,-0.937425278,0.348186515,-1.280933857,13.85000038,120.2,2235.8,22.05,5.95,67.5,18,285.7,2,0,0,0.75,Acacia,53
EK228_2,EK228,2,0.063168597,0.326952,0,0.390120597,11.41161,76.60537,88.2,0,5,0,0,0,0,0,0,0,0,0,0,0,0,0,0,0,0,0,0,0,0,0,0,1,11,-11.51409912,2112,10.50094032,15.58845711,0,-0.707106781,0.707106781,0.105360508,14.25,118.1,1913.1,22.05,6.55,63.2,18.5,277.2,7,0,0,-2.625,Mixed,0
EK228_6,EK228,6,0.194041707,0.570546598,0,0.764588305,11.41173,76.60396,83.4,0,13,0,0,0,0,0,0,0,0,0,0,0,0,0,0,0,0,0,0,0,0,0,0,1,18,21.99975967,2112,3.985437155,8.831760406,0,-0.645942245,0.763386282,-1.280933857,14.25,118.1,1913.1,22.05,6.55,63.2,18.5,277.2,15,0,0,2,Mixed,0
EL228_1,EL228,1,0.354915523,0.475523139,0,0.830438662,11.41336,76.6048,76.6,2,11,0,0,0,0,0,0,0,0,0,0,0,0,0,0,0,0,0,0,0,0,0,0,1,28,10.82394981,2095,10.83225155,14.3178215,0,-0.902860494,0.429933633,-1.280933857,14.25,118.1,1913.1,22.05,6.55,63.2,18.5,277.2,7,0,0,0.625,Mixed,0
EL228_2,EL228,2,0.390924329,0.037886834,0,0.428811163,11.4137,76.60463,75.4,10,7,0,0,0,0,0,0,0,0,0,0,0,0,0,0,0,0,0,0,0,0,0,0,1,28,-34.34587479,2091,8.241137505,16.73320007,0,-0.996346625,-0.085401427,-1.280933857,14.25,118.1,1913.1,22.05,6.55,63.2,18.5,277.2,4,0,0,-3.75,Mixed,0
EN200_2,EN200,2,0.143279238,0.011490987,0,0.154770225,11.40938,76.57961,74.6,0,4,0,0,0,0,0,0,0,0,0,0,0,0,0,0,0,0,0,0,0,0,0,0,1,24,-5.633860111,2051,27.97072601,41.3037529,0,-0.780114467,0.62563681,-0.587786674,14.44999981,113.6,2201,22.35,6.75,65.7,19.6,298.7,7,0,0,-2.5,Mixed,0
EN200_3,EN200,3,0.081757894,0.007161972,0,0.088919866,11.40904,76.5795,76,0,9,0,0,0,2,0,0,0,0,0,0,0,0,0,0,0,0,0,0,0,0,0,1,1,18,13.3881855,2052,17.67080116,24.83948517,0,-0.707106781,0.707106781,-1.280933857,14.44999981,113.6,2201,22.35,6.75,65.7,19.6,298.7,5,0,0,-0.125,Mixed,0
EN200_4,EN200,4,0.045757046,0,0,0.045757046,11.40881,76.5795,78,0,15,0,0,0,2,0,0,0,0,0,0,0,0,0,0,0,0,0,0,0,0,0,0,1,25,20.1257,2057,14.8763361,24.08318901,0,-0.945537562,-0.325513008,-1.280933857,14.44999981,113.6,2201,22.35,6.75,65.7,19.6,298.7,4,0,0,3.75,Acacia,0
EN200_5,EN200,5,0.154014238,0.116326348,0,0.270340586,11.40889,76.57903,83,0,12,0,0,0,0,0,0,0,0,0,0,0,0,0,0,0,0,0,0,0,0,0,0,1,30,10.323246,2049,19.57050133,29.17190361,0,-0.914288198,-0.405064305,-1.280933857,14.44999981,113.6,2201,22.35,6.75,65.7,19.6,298.7,8,0,0,4.625,Mixed,0
EN200_6,EN200,6,0,0,0.66697062,0.66697062,11.40946,76.57823,65.6,0,9,0,0,0,0,0,0,0,0,0,0,0,0,0,0,0,0,0,0,0,0,0,1,1,12,0.970700383,2030,20.63766861,32.14031601,0,-0.717900451,-0.696145777,-1.280933857,14.44999981,113.6,2201,22.35,6.75,65.7,19.6,298.7,8,0,0,4.375,Pine,5
EN200_7,EN200,7,0,0,0.5854435,0.5854435,11.40913,76.57832,79,0,11,0,0,0,0,0,0,0,0,0,0,0,0,0,0,0,0,0,0,0,0,0,0,1,22,-10.65023708,2019,24.43700981,32.89376831,0,-0.822192128,-0.56921007,-0.587786674,14.44999981,113.6,2201,22.35,6.75,65.7,19.6,298.7,8,0,0,-0.25,Pine,0
EN200_8,EN200,8,0.238708541,0,0,0.238708541,11.40882,76.57838,76.2,0,18,0,0,0,0,0,0,0,0,0,0,0,0,0,0,0,0,0,0,0,0,0,0,1,25,-31.24439049,2011,17.21928406,30.80584335,0,-0.997785144,0.066519221,2.670309782,14.44999981,113.6,2201,22.35,6.75,65.7,19.6,298.7,9,0,0,-6.125,Acacia,0
ER202_1,ER202,1,0,0,1.03747537,1.03747537,11.40497,76.58008,62,0,19,0,0,0,0,0,0,0,0,0,0,0,0,0,0,0,0,0,0,0,0,0,3,1,19,19.68384933,2058,5.651556969,12.32882786,0,1,6.12E-17,-1.280933857,14.35000038,113.8,2201.4,22.25,6.65,65.6,19.8,300.1,10,0,0,2,Pine,31
ER202_3,ER202,3,0.180235015,0.083460852,0,0.263695867,11.40566,76.58014,76.6,0,29,0,0,0,0,0,0,0,0,0,0,0,0,0,0,0,0,0,0,0,0,0,7,1,28,-3.364031792,2061,16.77645302,26.43860817,0,0.324324451,-0.945945902,-0.182321563,14.35000038,113.8,2201.4,22.25,6.65,65.6,19.8,300.1,6,0,0,-2.375,Mixed,34
ER202_4,ER202,4,0,0,0.753471332,0.753471332,11.40585,76.58145,71.2,0,18,0,0,0,0,0,0,0,0,0,0,0,0,0,0,0,0,0,0,0,0,0,3,1,32,-6.477003574,2065,16.71319771,32.58834076,0,0.557836088,-0.829951143,1.021651268,14.35000038,113.8,2201.4,22.25,6.65,65.6,19.8,300.1,6,0,0,5.25,Pine,8
ER202_5,ER202,5,0,0,0.645540407,0.645540407,11.40548,76.58145,66.8,0,4,0,0,0,0,0,0,0,0,0,0,0,0,0,0,0,0,0,0,0,0,0,2,1,11,-0.893443704,2052,25.10118866,34.98571014,0,0.584534496,-0.811368857,-0.587786674,14.35000038,113.8,2201.4,22.25,6.65,65.6,19.8,300.1,7,0,0,-1,Pine,117
ER202_6,ER202,6,0,0,0.582610542,0.582610542,11.40507,76.58146,68.6,0,0,0,0,0,0,0,0,0,0,0,0,0,0,0,0,0,0,0,0,0,0,0,0,1,7,-8.591162682,2044,2.678145885,11.31370831,0,-0.789352042,0.613940839,-1.280933857,14.35000038,113.8,2201.4,22.25,6.65,65.6,19.8,300.1,8,0,0,0.25,Pine,79
ER204_2,ER204,2,0,0,0.756519149,0.756519149,11.40568,76.58251,68.6,0,13,0,0,0,0,0,0,0,0,0,0,0,0,0,0,0,0,0,0,0,0,0,0,1,7,-0.019330474,2046,14.95007706,22.47220421,0,0.137153212,-0.990549846,-0.587786674,14.35000038,113.8,2201.4,22.25,6.65,65.6,19.8,300.1,7,0,0,-0.125,Pine,51
ES225_1,ES225,1,0.007161972,0,0,0.007161972,11.40391,76.60129,49.8,0,11,0,0,0,0,0,0,0,0,0,0,0,0,0,0,0,0,0,0,0,0,0,1,1,18,-1.337673187,2183,15.27103329,21.88606834,0,-0.750713504,0.660627909,-0.587786674,13.55000019,118.5,1915.1,21.35,5.85,63.1,18.8,278.7,1,0,0,-1.375,Acacia,0
ES225_4,ES225,4,0,0.073617119,0,0.073617119,11.40422,76.60181,52.4,0,7,0,0,0,0,0,0,0,0,0,0,0,0,0,0,0,0,0,0,0,0,0,0,1,16,-0.082492068,2194,15.79726887,22.11334419,0,-0.975843135,0.218472369,-0.587786674,13.55000019,118.5,1915.1,21.35,5.85,63.1,18.8,278.7,4,0,0,-1.375,Eucalyptus,114
EV206_1,EV206,1,0.070545429,0.202524665,0,0.273070094,11.40126,76.58374,57.8,0,0,0,0,0,0,0,0,0,0,0,0,0,0,0,0,0,0,0,0,0,0,0,0,1,20,11.72750092,2144,9.535291672,17.74823952,0,-0.707106781,0.707106781,-1.280933857,14.25,115.6,2104.2,22.05,6.55,64.7,19.5,293.3,4,0,0,4.125,Mixed,96
EV206_2,EV206,2,0.103196065,0,0,0.103196065,11.40174,76.58382,27,0,1,0,0,0,0,0,0,0,0,0,0,0,0,0,0,0,0,0,0,0,0,0,1,1,11,18.78469276,2141,13.65309238,22.13594437,0,-0.234640537,0.972082208,-1.280933857,14.25,115.6,2104.2,22.05,6.55,64.7,19.5,293.3,5,0,0,4,Acacia,4
EV206_4,EV206,4,0.096057966,0,0,0.096057966,11.40202,76.58439,59.8,0,1,0,0,0,0,0,0,0,0,0,0,0,0,0,0,0,0,0,0,0,0,0,0,1,20,29.5714016,2138,9.29739666,24.5764122,0,0.878853454,0.477091823,-1.280933857,14.25,115.6,2104.2,22.05,6.55,64.7,19.5,293.3,5,0,0,6.25,Acacia,36
EV206_5,EV206,5,0.213450652,0.334655099,0,0.548105751,11.4017,76.58453,56,0,0,0,0,0,0,0,0,0,0,0,0,0,0,0,0,0,0,0,0,0,0,0,1,1,17,26.50178528,2137,11.60328388,19.4935894,0,0.983547155,-0.18065158,-1.280933857,14.25,115.6,2104.2,22.05,6.55,64.7,19.5,293.3,9,0,0,3.75,Mixed,36
EV206_6,EV206,6,0.0206981,0.452851517,0,0.473549617,11.40187,76.58503,65,0,1,0,0,0,0,0,0,0,0,0,0,0,0,0,0,0,0,0,0,0,0,0,0,1,17,9.682086945,2115,21.69194603,29.9666481,0,0.973688176,0.227884478,-0.587786674,14.25,115.6,2104.2,22.05,6.55,64.7,19.5,293.3,10,0,0,1.5,Mixed,31
EV206_7,EV206,7,0,0.30038904,0,0.30038904,11.40159,76.58507,57.4,0,0,0,0,0,0,0,0,0,0,0,0,0,0,0,0,0,0,0,0,0,0,0,5,1,13,12.46588135,2114,20.43124771,29.15476036,0,0.996072645,-0.088539742,-0.182321563,14.25,115.6,2104.2,22.05,6.55,64.7,19.5,293.3,3,0,0,-1,Eucalyptus,21
EV206_8,EV206,8,0.014713874,0.102058107,0,0.116771981,11.40125,76.58509,70.4,0,3,0,0,0,0,0,0,0,0,0,0,0,0,0,0,0,0,0,0,0,0,0,15,1,21,8.76590538,2113,24.34132576,35.18522263,0,0.890761865,-0.454470352,-1.280933857,14.25,115.6,2104.2,22.05,6.55,64.7,19.5,293.3,4,0,0,2.5,Mixed,69
EX245_1,EX245,1,0,0.247390444,0,0.247390444,11.40049,76.61945,55.2,0,7,0,0,0,0,0,0,0,0,0,0,0,0,0,0,0,0,0,0,0,0,0,0,1,21,0.631654441,2192,22.51577377,33.22649384,0,0.601576785,-0.79881498,-0.587786674,13.44999981,120.9,1760.1,21.15,5.75,61.7,18.1,266.9,6,0,0,4.25,Eucalyptus,51
EX245_2,EX245,2,0,0.037393454,0,0.037393454,11.40014,76.62009,63.6,0,1,2,0,0,0,0,0,0,0,0,0,0,0,0,0,0,0,0,0,0,0,0,0,1,26,-2.785132408,2164,18.65705872,26.3438797,0,0.532171587,-0.846636523,0.510825634,13.44999981,120.9,1760.1,21.15,5.75,61.7,18.1,266.9,4,0,0,-1.25,Eucalyptus,65
EX245_3,EX245,3,0,0,0.300118476,0.300118476,11.39968,76.62013,63.2,0,0,0,0,0,1,0,0,0,0,0,0,0,0,0,0,0,0,0,0,0,0,0,0,1,15,-15.09800911,2155,12.93721771,20.34699059,0,0.986874595,-0.161488496,2.245426655,13.85000038,120,1760.3,21.55,6.15,61.7,18.3,268,2,0,0,-0.25,Pine,75
EX245_4,EX245,4,0,0,1.013721495,1.013721495,11.39948,76.622071,70.8,0,2,0,0,0,3,0,0,0,0,0,0,0,0,0,0,0,0,0,0,0,0,0,1,1,10,14.15964985,2158,17.96993828,38.35361862,0,0.694369233,-0.719618905,-0.587786674,13.85000038,120,1760.3,21.55,6.15,61.7,18.3,268,3,0,0,9.625,Pine,38
EX245_6,EX245,6,0,0.308681012,0,0.308681012,11.40032,76.62089,60.6,0,9,0,0,0,2,0,0,0,0,0,0,0,0,0,0,0,0,0,0,0,0,0,0,1,28,9.524323463,2166,17.3595314,23.366642,0,-0.378125019,-0.925754541,-1.280933857,13.44999981,120.9,1760.1,21.15,5.75,61.7,18.1,266.9,8,0,0,0.25,Eucalyptus,68
EX245_7,EX245,7,0,0.089206346,0,0.089206346,11.39986,76.61956,59.2,0,8,1,0,0,1,0,0,0,0,0,0,0,0,0,0,0,0,0,0,0,0,0,0,1,17,-15.08892918,2167,11.27767944,15.13274574,0,0.992277879,0.124034716,0.664976239,13.85000038,120,1760.3,21.55,6.15,61.7,18.3,268,3,0,0,-0.625,Eucalyptus,125
EX245_8,EX245,8,0,0.125835856,0,0.125835856,11.39942,76.61958,61.4,0,12,0,0,0,0,0,0,0,0,0,0,0,0,0,0,0,0,0,0,0,0,0,0,1,24,-9.276861191,2169,10.6484623,14.24780655,0,0.919145012,0.393919341,0.664976239,13.85000038,120,1760.3,21.55,6.15,61.7,18.3,268,7,0,0,0.125,Eucalyptus,125
EY205_2,EY205,2,0.20180051,0.075694091,0,0.277494601,11.39911,76.58286,51.6,0,4,0,0,0,0,0,0,0,0,0,0,0,0,0,0,0,0,0,0,0,0,0,0,1,15,-9.052062988,2076,21.1005764,32.75667953,0,-0.593199063,-0.805055819,0.79850769,14.35000038,114.8,2196.6,22.25,6.75,65.5,20,300.4,8,0,0,-4.125,Mixed,45
EY205_3,EY205,3,0.240292133,0.193174312,0,0.433466445,11.39943,76.58298,64.2,6,5,0,0,0,0,0,0,0,0,0,0,0,0,0,0,0,0,0,0,0,0,0,0,1,24,7.699588299,2102,26.31478691,40.14971924,0,-0.762756997,-0.646685212,-0.182321563,14.35000038,114.8,2196.6,22.25,6.75,65.5,20,300.4,20,0,0,5.25,Mixed,0
EY205_4,EY205,4,0.089453036,0.138663744,0,0.22811678,11.39905,76.58349,74,0,9,0,0,0,0,0,0,0,0,0,0,0,0,0,0,0,0,0,0,0,0,0,0,1,28,-6.981163025,2099,18.94707489,27.98213768,0,-0.535335075,-0.84463978,0.328504086,14.14999962,114.1,2101.1,21.95,6.45,64.7,19.7,294,4,0,0,-3.125,Mixed,25
EY205_5,EY205,5,0.13408804,0,0,0.13408804,11.39878,76.58339,65.2,0,19,0,0,0,0,0,0,0,0,0,0,0,0,0,0,0,0,0,0,0,0,0,0,1,22,-20.64955139,2085,18.54176712,26.62705421,0,-0.857492891,-0.514495813,1.284015417,14.14999962,114.1,2101.1,21.95,6.45,64.7,19.7,294,2,0,0,-2.625,Acacia,37
EY205_6,EY205,6,0.305179603,0.033621482,0,0.338801085,11.39873,76.58411,71.2,0,8,0,0,0,0,0,0,0,0,0,0,0,0,0,0,0,0,0,0,0,0,0,0,1,25,-1.410856724,2108,9.663147926,13,0,-0.99264591,-0.121054106,-0.587786674,14.14999962,114.1,2101.1,21.95,6.45,64.7,19.7,294,5,0,0,1.125,Mixed,34
EY205_8,EY205,8,0.234061217,0,0,0.234061217,11.39952,76.58411,73.4,0,42,0,0,0,0,0,0,0,0,0,0,0,0,0,0,0,0,0,0,0,0,0,0,1,35,16.04654694,2118,10.24530697,14.59451962,0,-0.474099745,-0.880471142,-1.280933857,14.14999962,114.1,2101.1,21.95,6.45,64.7,19.7,294,4,0,0,0.125,Acacia,18
FA157_1,FA157,1,0.012732395,0,0,0.012732395,11.39729,76.53939,67.2,2,0,0,0,0,0,0,0,0,0,0,0,0,0,0,0,0,0,0,0,0,0,0,0,1,4,1.98622334,2258,23.67681503,32.87856293,23605,0.833488256,0.552537172,-0.587786674,12.94999981,106.3,2592.4,20.95,5.35,70.8,20.1,308.6,1,10.0692562,0,-0.375,Acacia,1
FA157_6,FA157,6,0,0.050308878,0,0.050308878,11.39764,76.53946,50.4,0,0,0,0,0,0,0,0,0,0,0,0,0,0,0,0,0,0,0,0,0,0,0,3,1,26,-8.882255554,2237,31.80077362,47.07440948,31053,0.84799831,0.52999893,1.284015417,12.94999981,106.3,2592.4,20.95,5.35,70.8,20.1,308.6,4,10.3434829,0,-3.25,Eucalyptus,14
FA157_7,FA157,7,0,0.025058946,0,0.025058946,11.39793,76.53895,17.8,2,0,0,0,0,0,0,0,0,0,0,0,0,0,0,0,0,0,0,0,0,0,0,10,1,18,0.395266503,2273,30.83705139,46.01086807,31731,0.987311041,0.158798326,0.105360508,12.94999981,106.3,2592.4,20.95,5.35,70.8,20.1,308.6,3,10.36508091,0,4.375,Eucalyptus,57
FA223_1,FA223,1,0.196460862,0.260051219,0,0.456512081,11.39711,76.59978,62.4,1,13,0,0,0,0,0,0,0,0,0,0,0,0,0,0,0,0,0,0,0,0,0,0,1,20,-14.74004936,2149,14.19158268,21.54065895,0,0.811534342,0.584304725,-0.182321563,13.85000038,115.5,2005.5,21.65,6.25,63.8,19.3,286.9,9,0,0,1.25,Mixed,0
FA223_2,FA223,2,0.100235783,0,0,0.100235783,11.39758,76.59985,42.4,0,7,0,0,0,0,0,0,0,0,0,0,0,0,0,0,0,0,0,0,0,0,0,0,1,20,-11.16691208,2146,17.185112,23.81176186,0,0.999911122,0.013332188,0.328504086,13.85000038,115.5,2005.5,21.65,6.25,63.8,19.3,286.9,4,0,0,0.625,Acacia,104
FE210_1,FE210,1,0.037449158,0,0,0.037449158,11.39391,76.58919,54,1,1,0,0,0,0,0,0,0,0,0,0,0,0,0,0,0,0,0,0,0,0,0,5,1,20,-14.57591438,2099,20.11367798,32.49615479,0,-0.022216925,-0.999753174,0.105360508,14.14999962,114.1,2101.1,21.95,6.45,64.7,19.7,294,2,0,0,-6,Acacia,88
FE210_2,FE210,2,0.038992961,0,0,0.038992961,11.3936,76.58897,22,0,0,0,0,0,0,0,0,0,0,0,0,0,0,0,0,0,0,0,0,0,0,0,0,1,18,-7.241762638,2096,14.65255833,21.14237404,0,0.752576659,-0.658504649,-0.587786674,14.14999962,114.1,2101.1,21.95,6.45,64.7,19.7,294,1,0,0,-2.875,Acacia,29
GK204_4,GK204,4,0.145674519,0,0,0.145674519,11.3645,76.5825,65,0,0,0,0,0,0,0,0,0,0,0,0,0,0,0,0,0,0,0,0,0,0,0,0,1,23,-11.8443718,2171,4.914855003,7.937253952,0,0.957826298,0.287347842,-1.280933857,13.64999962,109.3,2161.9,21.45,6.15,65.6,20.2,296.8,4,0,0,0.375,Acacia,66
GK204_5,GK204,5,0.126822616,0,0,0.126822616,11.36463,76.58243,73.6,0,0,0,0,0,0,0,0,0,0,0,0,0,0,0,0,0,0,0,0,0,0,0,0,1,30,22.87664032,2172,5.670585155,8.602325439,0,0.784882788,-0.61964426,-1.280933857,13.64999962,109.3,2161.9,21.45,6.15,65.6,20.2,296.8,7,0,0,1,Acacia,1
GK204_6,GK204,6,0.081829514,0,0,0.081829514,11.36447,76.58179,72.2,0,0,0,0,0,0,0,0,0,0,0,0,0,0,0,0,0,0,0,0,0,0,0,0,1,22,-14.6160078,2158,16.49761772,22.15851974,0,-0.902603628,0.430472637,0.328504086,13.64999962,109.3,2161.9,21.45,6.15,65.6,20.2,296.8,6,0,0,-1.875,Acacia,46
GK204_7,GK204,7,0.148252829,0,0,0.148252829,11.36479,76.58175,55,0,0,0,0,0,0,0,0,0,0,0,0,0,0,0,0,0,0,0,0,0,0,0,0,1,22,-17.99227715,2156,14.76502514,22.24859619,0,-0.985096796,-0.172000879,0.510825634,13.64999962,109.3,2161.9,21.45,6.15,65.6,20.2,296.8,8,0,0,-3.125,Acacia,10
GK204_8,GK204,8,0.097832544,0,0,0.097832544,11.36514,76.58178,73.6,0,0,0,0,0,0,0,0,0,0,0,0,0,0,0,0,0,0,0,0,0,0,0,1,1,21,17.94649315,2163,14.2591753,20.02498436,0,-0.989290315,0.145961203,-1.280933857,13.64999962,109.3,2161.9,21.45,6.15,65.6,20.2,296.8,6,0,0,2.625,Acacia,5
GN201_1,GN201,1,0,0,0.512224269,0.512224269,11.36202,76.57957,79.2,0,0,0,0,0,0,0,0,0,0,0,0,0,0,0,0,0,0,0,0,0,0,0,0,1,17,2.037983894,2154,26.8281765,37.5499649,13006,-0.476023254,-0.879432693,-0.587786674,13.64999962,109.3,2161.9,21.45,6.15,65.6,20.2,296.8,13,9.473242953,0,0.5,Pine,1
GN201_2,GN201,2,0,0,0.67615386,0.67615386,11.36243,76.5796,78.6,0,0,0,0,0,0,0,0,0,0,0,0,0,0,0,0,0,0,0,0,0,0,0,0,1,23,55.70699692,2170,12.55540943,25.1992054,3742,0.402738646,0.915315019,-1.280933857,13.64999962,109.3,2161.9,21.45,6.15,65.6,20.2,296.8,15,8.227642708,0,6.125,Pine,17
GP209_1,GP209,1,0.043560708,0,0,0.043560708,11.35998,76.58703,67.4,0,1,0,0,0,0,0,0,0,0,0,0,0,0,0,0,0,0,0,0,0,0,0,0,1,29,-5.22865963,2124,21.77366066,31.87475395,40238,-0.061110209,-0.998131025,-0.182321563,13.85000038,111.1,2084.3,21.55,6.35,64.5,20.1,294.9,3,10.60259195,0,3,Acacia,2