,Site_plot,Lat.deci..N.,Long.Deci..E.,Acacia mearnsii,Cestrum aurantiacum,Eucalyptus spp,Ipomea purpurea,Pinus radiata,Solanum mauritianum,Ageratina adenophora,Ageratum conyzoides,Ageratum houstonianum,Urena lobata,Malvaceae,Lantana camara,Solanum anguivi,UID1,Meliaceae,Clitoria ternetea,Berberis tinctoria,Desmodium uncinatum,Asparagus racemosus,Oxalis corniculata,Urticaceae,Asteraceae,Achyranthes aspera,Apiaceae,Tridax procumbens,sp124858,Vincetoxicum sp,Sp12254,Sp120529,sp110222,sp105132,sp122024,sp124847,sp113255,pilea wightii,sp101440,Pteridium aquilinum,No_pic,Site,Tot_bas_ar,Canopy,Fire,TCI_2x2,Slope,TRI,Sine.aspect,Cosine.aspect,TWI,Ann.Temp,Temp.seasonality,Ann.prec,Mxtmp_hotmnths,Mntmp_cldmnths,Prec_seasnlty,Prec_drymnths,Prec_cldmnths,Ln_elevation,Tot_ct_tree,ln_shlbfr5ha,rds_lngth_1ha,TPI,Type2,Moss,Elevation
1,BCS897_1,10.2258722,77.2086301,0,0,5,0,0,0,43,0,0,3,0,11,0,0,0,0,0,0,0,0,0,0,0,0,0,0,0,0,0,0,0,0,0,0,0,0,7,0,BCS897,0.022472678,71.4,0,-3.557608843,22.33722305,30.87069893,0.666213358,0.745761196,-0.587786674,17.95000076,108.9,1823.8,24.75,11.35,52.5,25.3,348,7.305860033,3,0,43,-0.375,Eucalyptus,10,1489
2,BCZ931_2,10.2193543,77.2397437,0,0,0,0,0,0,36,0,0,0,1,0,0,0,0,0,0,0,0,0,0,0,0,0,0,0,0,0,0,0,0,0,0,0,0,0,0,0,BCZ931,0.375947849,73.8,0,-4.998429775,23.2448864,33.10589218,-0.761939364,0.647648366,-0.587786674,18.54999924,112,1803.1,25.35,11.85,52.6,25.2,346.9,7.356918242,9,0,0,-1,Eucalyptus,10,1567
3,BDD930_2,10.2154763,77.2393207,0,0,3,0,0,0,28,0,0,0,0,0,0,0,0,0,0,0,0,0,0,0,0,0,0,0,0,0,0,0,0,0,0,0,0,0,3,0,BDD930,0.007647395,44.8,0,-22.57657242,10.16367054,15.32971001,-0.961523982,-0.274721009,2.086362123,17.75,112,1827.3,24.55,11.05,52.7,25.2,344.7,7.356918242,1,0,33,-1.875,Eucalyptus,10,1567
4,BDF965_1,10.2130909,77.270978,1,0,0,0,0,0,48,0,0,0,0,0,0,0,0,0,0,0,0,0,0,0,0,0,0,0,0,0,0,0,0,0,0,0,0,0,2,0,BDF965,0.353029537,73.8,0,8.242478371,18.73837852,29.46183968,-0.99264591,0.121054106,-1.280933857,14.05000019,109.9,1748.3,20.65,7.25,52.9,24.7,343.5,7.719573989,9,0,0,3.75,Acacia-Eucalyptus,30,2252
5,BDF965_2,10.2137805,77.2710469,0,0,0,0,0,0,41,0,0,0,0,0,0,0,0,0,0,0,0,0,0,0,0,0,0,0,0,0,0,0,0,0,0,0,0,0,0,0,BDF965,0.351318621,75.6,0,25.70792198,7.932157993,16.4924221,-0.763386282,0.645942245,-1.280933857,14.05000019,109.9,1748.3,20.65,7.25,52.9,24.7,343.5,7.714677474,8,0,0,3.5,Acacia,30,2241
6,BDG990_1,10.2121937,77.2933979,43,0,0,0,0,0,40,0,0,0,0,0,0,0,0,0,0,0,0,0,0,0,0,0,0,0,0,0,0,0,0,0,0,0,0,0,0,6,BDG990,0.652057802,36.2,0,-4.485610485,27.14015579,39.02563095,-0.40540078,-0.914139053,1.203972816,14.25,111.9,1719.7,20.85,7.35,53.2,24.5,346.7,7.660114319,8,0,0,-0.375,Acacia-Eucalyptus,10,2122
7,BDG990_2,10.2126137,77.2934398,0,0,3,0,0,0,58,0,0,0,0,0,0,0,0,0,0,0,0,0,0,0,0,0,0,0,0,0,0,0,0,0,0,0,0,0,2,0,BDG990,1.216389399,27.8,0,-4.999053001,27.23370743,40.19950104,-0.39582951,-0.918324016,1.021651268,14.25,111.9,1719.7,20.85,7.35,53.2,24.5,346.7,7.666221926,10,0,0,-2.5,Acacia-Eucalyptus,10,2135
8,BDH977_1,10.2111586,77.2817819,11,0,0,0,0,0,51,0,0,0,0,0,0,0,0,0,0,0,0,0,0,0,0,0,0,0,0,0,0,0,0,0,0,0,0,0,1,0,BDH977,0.107851347,37.6,0,-18.91502953,19.46007156,28.16025543,-0.138196198,0.990404872,1.663505197,13.75,110,1732.5,20.45,7.05,53,24.5,343.5,7.7164608,4,0,0,-2.375,Acacia,30,2245
9,BDH977_2,10.2117906,77.2819426,8,0,0,0,0,0,25,0,0,0,0,0,0,0,0,0,0,0,0,0,0,0,0,0,0,0,0,0,0,0,0,0,0,0,0,0,0,25,BDH977,0.066280076,34.4,0,-4.668277264,17.93837738,24.59674835,-0.694369424,0.719618721,-0.587786674,13.75,110,1732.5,20.45,7.05,53,24.5,343.5,7.711101252,2,0,0,-1.125,Acacia,60,2233
10,BDJ870_2,10.2101909,77.1842761,0,0,0,0,0,0,0,7,0,0,0,3,0,6,0,0,0,0,0,0,0,0,0,0,0,0,0,0,0,0,0,0,0,0,0,0,4,0,BDJ870,0.212081919,54,0,0.009731694,27.04978561,39.92493057,0.358979123,0.933345589,-0.182321563,18.85000038,105.5,1975.8,25.75,12.25,52.9,26.5,351.5,7.241366283,6,10.76159817,0,-3,Eucalyptus,10,1396
11,BDX959_1,10.1979659,77.2644203,0,0,12,0,0,0,5,0,0,0,0,0,1,8,0,0,0,0,0,0,0,0,0,0,0,0,0,0,0,0,0,0,0,0,0,0,2,0,BDX959,0.298367772,66.2,0,-6.594804764,17.43570709,24.61706734,-0.953779955,-0.300505902,1.284015417,16.64999962,112.6,1798,23.45,9.75,53.1,24.7,337.3,7.530479995,7,0,0,-1.75,Eucalyptus,10,1864
12,BDX959_2,10.1969042,77.2650252,0,0,2,0,0,0,10,0,0,0,0,0,0,0,0,0,0,0,0,0,0,0,0,0,0,0,0,0,0,0,0,0,0,0,0,0,6,0,BDX959,0.312063055,73.6,0,2.655169725,28.14555931,41.98809433,-0.958875461,-0.283827147,-0.587786674,16.64999962,112.6,1798,23.45,9.75,53.1,24.7,337.3,7.542213463,6,0,0,-3.125,Eucalyptus,10,1886
13,BDX959_3,10.1982517,77.2649989,0,0,6,0,0,0,5,0,0,0,0,0,0,0,0,0,0,0,0,0,0,0,0,0,0,0,0,0,0,0,0,0,0,0,0,0,1,0,BDX959,0.038022116,67.6,0,-1.088559389,37.84056473,58.4807663,-0.961523982,-0.274721009,1.021651268,16.64999962,112.6,1798,23.45,9.75,53.1,24.7,337.3,7.552762084,4,0,0,0.75,Eucalyptus,10,1906
14,BDX959_4,10.1968,77.2650752,0,0,3,0,0,0,5,0,0,0,0,0,0,0,0,0,0,0,0,0,0,0,0,0,0,0,0,0,0,0,0,0,0,0,0,0,0,0,BDX959,0.176765438,72,0,1.744022012,24.80552101,35.87478256,-0.904818684,-0.425797075,0.328504086,16.64999962,112.6,1798,23.45,9.75,53.1,24.7,337.3,7.540621529,5,0,0,0.125,Eucalyptus,10,1883
15,BDX959_5,10.1964212,77.2659038,0,0,4,0,0,0,5,0,0,0,0,0,0,2,0,0,0,0,0,0,0,0,0,0,0,0,0,0,0,0,0,0,0,0,0,0,0,0,BDX959,0.404683274,67.2,0,-12.89562511,31.15966415,46.57252502,-0.943115519,-0.332465212,2.480266333,16.64999962,112.6,1798,23.45,9.75,53.1,24.7,337.3,7.56112159,13,0,0,-2.625,Eucalyptus,10,1922
16,BDX959_6,10.1965626,77.264598,0,0,0,0,0,0,0,0,0,0,0,0,0,0,0,0,0,0,0,0,0,0,0,0,0,0,0,0,0,0,0,0,0,0,0,0,7,0,BDX959,0.543156032,65.4,0,2.089198589,21.9916153,30.96772575,-0.913811514,-0.406138545,0.510825634,16.64999962,112.6,1798,23.45,9.75,53.1,24.7,337.3,7.534762657,8,0,0,1.875,Eucalyptus,10,1872
17,BDX959_7,10.197115,77.2645143,0,0,1,0,0,0,0,0,0,0,0,0,0,0,0,0,0,0,0,0,0,0,0,0,0,0,0,0,0,0,0,0,0,0,0,0,4,0,BDX959,0.298025589,68,0,8.986177444,18.13707733,24.91987228,-0.964763853,-0.263117288,0.79850769,16.64999962,112.6,1798,23.45,9.75,53.1,24.7,337.3,7.533158807,6,0,0,1.375,Eucalyptus,10,1869
18,BDX959_8,10.1976955,77.2645087,0,0,3,0,0,0,0,0,0,0,0,0,0,0,0,0,0,0,0,0,0,0,0,0,0,0,0,0,0,0,0,0,0,0,0,0,5,0,BDX959,0.241223189,66.6,0,-13.6784687,15.93134022,24.81934738,-0.948683366,0.316227562,0.91629076,16.64999962,112.6,1798,23.45,9.75,53.1,24.7,337.3,7.529943371,6,0,0,-3.25,Eucalyptus,10,1863
19,BDZ967_1,10.194818,77.2732549,0,0,0,0,0,0,0,0,0,0,0,0,0,2,0,0,0,0,0,0,0,0,0,0,0,0,0,0,0,0,0,0,0,0,0,0,0,0,BDZ967,0.747017598,70.4,0,-4.178162098,17.9870224,27.14774323,-0.999279741,0.037947325,-0.587786674,14.14999962,109.9,1785.5,20.85,7.25,53.1,24.7,338.7,7.734996194,11,0,0,-1.375,Acacia-Eucalyptus,22.72727273,2287
20,BDZ967_2,10.1952552,77.2732857,0,0,0,0,0,0,0,0,0,0,0,0,0,3,0,0,0,0,0,0,0,0,0,0,0,0,0,0,0,0,0,0,0,0,0,0,0,0,BDZ967,0.124164729,73.6,0,35.1495285,2.999646664,16.34013557,-0.780869008,0.624694799,-1.280933857,14.14999962,109.9,1785.5,20.85,7.25,53.1,24.7,338.7,7.736743682,6,0,0,4.625,Acacia,33.33333333,2291
21,BDZ967_3,10.1958044,77.2731956,2,0,0,0,0,0,0,0,0,0,0,0,0,0,0,0,0,0,0,0,0,0,0,0,0,0,0,0,0,0,0,0,0,0,0,0,0,0,BDZ967,0.232230935,74.8,0,57.21961212,3.259894371,12.08304596,0,1,-1.280933857,14.14999962,109.9,1785.5,20.85,7.25,53.1,24.7,338.7,7.734996194,8,0,0,3.25,Acacia,25,2287
22,BDZ967_4,10.195399,77.27292,4,0,0,0,0,0,6,0,0,0,0,0,0,0,0,0,0,0,0,0,0,0,0,0,0,0,0,0,0,0,0,0,0,0,0,0,3,0,BDZ967,0.264260868,67,0,3.665483236,21.86136627,34.98571014,-0.971921009,-0.235307359,-1.280933857,14.14999962,109.9,1785.5,20.85,7.25,53.1,24.7,338.7,7.733683571,8,0,0,4.5,Acacia,35,2284
23,BEL955_1,10.1846933,77.2616236,5,0,2,0,0,0,1,0,0,0,0,0,0,0,3,0,0,0,0,0,0,0,0,0,0,0,0,0,0,0,0,0,0,0,0,0,0,0,BEL955,0.284489461,74.4,0,-11.17901134,19.0224514,29.66479301,-0.903737838,-0.428086347,2.762117386,16.85000038,112.9,1812.1,23.75,9.95,53.2,24.7,334.9,7.433075349,11,0,0,-3.75,Eucalyptus,11.81818182,1691
24,BEL955_2,10.1842477,77.2619221,1,0,2,0,0,0,4,0,0,0,0,0,0,1,0,1,2,0,0,0,0,0,0,0,0,0,0,0,0,0,0,0,0,0,0,0,1,0,BEL955,0.120432545,65.4,0,1.843753457,34.86105728,54.08327103,-0.894427214,-0.447213549,0.105360508,16.85000038,112.9,1812.1,23.75,9.95,53.2,24.7,334.9,7.433075349,5,0,0,-6.375,Eucalyptus,10,1691
25,BEO992_1,10.1818617,77.2954137,12,0,0,0,0,0,46,0,0,0,0,0,0,0,0,0,0,0,0,0,0,0,0,0,0,0,0,0,0,0,0,0,0,0,0,0,3,0,BEO992,0.60127146,50,0,6.592710972,24.15477562,35.52463913,-0.454470233,0.890761925,-1.280933857,15.14999962,114.5,1753.3,21.95,8.15,53.5,24.5,336.5,7.577633833,6,0,0,3.5,Acacia-Eucalyptus,10,1954
26,BEO992_2,10.18152,77.2956158,10,0,0,0,1,0,15,0,0,0,0,0,0,0,0,0,0,0,0,0,0,0,0,0,0,0,0,0,0,0,0,0,0,0,0,0,0,0,BEO992,0.810106618,56,0,-1.736855149,21.07390404,30.57777023,-0.59319885,0.805055976,-0.587786674,15.14999962,114.5,1753.3,21.95,8.15,53.5,24.5,336.5,7.588829878,6,0,0,-3.625,Acacia-Eucalyptus,10,1976
27,BER779_1,10.1797462,77.1016198,0,0,0,0,0,0,4,0,0,0,0,7,0,0,0,0,0,0,0,0,0,0,0,0,0,0,0,0,0,0,0,0,0,0,0,0,0,0,BER779,0.427529966,50.4,0,9.545742035,28.60735703,46.31414413,0.932568081,0.360994146,-1.280933857,19.04999924,103.4,2698.4,26.35,12.55,56.2,32,388.5,7.282073658,6,9.589324603,0,6.875,Eucalyptus,10,1454
28,BER779_2,10.1801501,77.1014999,0,0,0,0,0,0,0,0,0,0,0,6,0,0,0,0,0,0,0,0,0,0,0,0,0,0,0,0,0,0,0,0,0,0,0,0,0,0,BER779,0.138257899,42.8,0,-0.212322444,22.0627594,32.66496658,0.961905107,0.273383549,0.79850769,19.04999924,103.4,2698.4,26.35,12.55,56.2,32,388.5,7.280008253,3,9.242517104,0,2.625,Eucalyptus,10,1451
29,BER779_3,10.1803479,77.1010096,0,0,0,0,0,0,0,0,0,0,0,0,0,0,0,0,0,0,0,0,0,0,0,0,0,0,0,0,0,0,0,0,0,0,0,0,0,0,BER779,0.228252062,75.4,0,1.949211359,18.25081635,27.80287743,0.958168107,0.286206007,0.91629076,19.04999924,103.4,2698.4,26.35,12.55,56.2,32,388.5,7.286876412,7,9.272657678,0,0.875,Eucalyptus,10,1461
30,BER779_4,10.1800903,77.1010103,0,0,0,0,0,0,0,0,0,0,0,0,0,0,0,0,0,0,0,0,0,0,0,0,0,0,0,0,0,0,0,0,0,0,0,0,0,0,BER779,0.107461418,76.6,0,-10.52778625,26.72441673,49.16299438,0.804851465,0.5934763,0.664976239,19.04999924,103.4,2698.4,26.35,12.55,56.2,32,388.5,7.284820913,6,9.286838343,0,-11.125,Eucalyptus,10,1458
31,BER779_7,10.180754,77.1003203,0,0,0,0,0,0,7,0,0,0,0,0,0,0,0,0,0,0,0,0,0,0,0,0,0,0,0,0,0,0,0,0,0,0,0,0,7,0,BER779,0.325941366,68.2,0,-2.82229805,35.3228302,53.31041336,0.996703769,0.081127038,1.810108542,19.04999924,103.4,2698.4,26.35,12.55,56.2,32,388.5,7.308542798,7,9.071652852,0,0.5,Eucalyptus,10,1493
32,BER779_8,10.180631,77.1013504,0,0,0,0,0,0,1,0,0,0,0,6,0,0,0,0,0,0,0,0,0,0,0,0,0,0,0,0,0,0,0,0,0,0,0,0,0,0,BER779,0.101604516,57.4,0,4.200097084,27.59124947,41.1096077,0.902134208,0.431455527,1.021651268,19.04999924,103.4,2698.4,26.35,12.55,56.2,32,388.5,7.277938573,5,8.868976189,0,5.25,Eucalyptus,10,1448
33,BES992_1,10.1777389,77.2953825,5,0,0,0,0,0,125,0,0,0,0,0,0,0,0,0,0,0,0,0,0,0,0,0,0,0,0,0,0,0,0,0,0,0,0,0,1,0,BES992,0.482525956,53.8,0,5.786718369,8.80047226,20.78460884,0.052558822,0.99861783,-0.587786674,15.14999962,114.5,1753.3,21.95,8.15,53.5,24.5,336.5,7.599401333,6,0,0,-3.75,Acacia,20,1997
34,BES992_2,10.1781631,77.2954228,5,0,0,0,0,0,85,0,0,0,0,0,0,0,0,0,0,0,0,0,0,0,0,0,0,0,0,0,0,0,0,0,0,0,0,0,0,0,BES992,0.206408046,36.8,0,-10.33760071,17.34421158,22.75961304,0.825949886,0.563743547,-0.182321563,15.14999962,114.5,1753.3,21.95,8.15,53.5,24.5,336.5,7.596392304,4,0,0,1.25,Acacia,25,1991
35,BET992_1,10.1768294,77.2954972,8,0,3,0,0,0,125,0,0,0,0,0,0,0,0,0,0,0,0,0,0,0,0,0,0,0,0,0,0,0,0,0,0,0,0,0,19,0,BET992,0.335625944,54.6,0,-15.07970238,11.63868618,15.96871948,0.996815279,-0.079745221,0.105360508,15.14999962,114.5,1753.3,21.95,8.15,53.5,24.5,336.5,7.602900462,6,0,0,-1.375,Acacia,30,2004
36,BET992_2,10.1772926,77.2952907,9,0,0,0,0,0,51,0,0,0,0,0,0,0,0,0,0,0,0,0,0,0,0,0,0,0,0,0,0,0,0,0,0,0,0,0,6,0,BET992,0.606889629,78.4,0.2,31.62689781,8.849356651,15.90597343,0.948683282,0.316227815,-1.280933857,15.14999962,114.5,1753.3,21.95,8.15,53.5,24.5,336.5,7.607381426,7,0,0,3.375,Acacia-Eucalyptus,12.85714286,2013
37,BEV1067_1,10.17444,77.36306,0,0,0,0,0,0,0,0,0,0,0,0,0,0,0,0,0,0,0,0,0,0,0,0,0,0,0,0,0,0,0,0,0,0,0,0,0,0,BEV1067,0.806541547,81.6,1,-28.36284256,12.03796673,19.31320763,-0.923076869,0.384615514,1.11696136,14.14999962,118.8,1688.6,20.95,6.65,54.6,25.1,354.4,7.658227526,9,0,0,-1.375,Pinus,18.88888889,2118
38,BEV1067_2,10.175,77.36278,0,0,0,0,0,0,0,0,0,0,0,0,0,0,0,0,0,0,0,0,0,0,0,0,0,0,0,0,0,0,0,0,0,0,0,0,0,0,BEV1067,1.138451223,75.4,1,-3.108181,22.89163208,42.10700607,-0.570214686,-0.821495716,0.664976239,14.14999962,117.8,1678.2,20.85,6.65,54.5,25,355.1,7.656337166,9,0,0,-9.625,Pinus,10,2114
39,BEV1067_3,10.175,77.36389,0,0,0,0,0,0,0,0,0,0,0,0,0,0,0,0,0,0,0,0,0,0,0,0,0,0,0,0,0,0,0,0,0,0,0,0,0,0,BEV1067,1.179131227,73,1,7.669460773,10.93275452,18.27566719,-0.316227815,-0.948683282,-1.280933857,14.14999962,117.8,1678.2,20.85,6.65,54.5,25,355.1,7.667626092,9,0,0,3.5,Pinus,14.44444444,2138
40,BEV1067_4,10.17528,77.36417,0,0,0,0,0,0,0,0,0,0,0,0,0,0,0,0,0,0,0,0,0,0,0,0,0,0,0,0,0,0,0,0,0,0,0,0,0,0,BEV1067,1.292958842,79.6,1,10.67064381,20.40840721,33.33166504,-0.098421044,-0.995144863,-0.587786674,14.14999962,117.8,1678.2,20.85,6.65,54.5,25,355.1,7.669495251,7,0,0,-2.375,Pinus,10,2142
41,BEV1067_5,10.17444,77.36417,0,0,0,0,0,0,0,0,0,0,0,0,0,0,0,0,0,0,0,0,0,0,0,0,0,0,0,0,0,0,0,0,0,0,0,0,0,0,BEV1067,0.297388969,77.4,1,-7.942247391,13.61369896,26.81417465,-0.285805356,0.958287691,-0.182321563,14.14999962,118.8,1688.6,20.95,6.65,54.6,25.1,354.4,7.664815785,5,0,0,-6.375,Pinus,10,2132
42,BEV1067_6,10.17417,77.36417,0,0,0,0,0,0,0,0,0,0,0,0,0,0,0,0,0,0,0,0,0,0,0,0,0,0,0,0,0,0,0,0,0,0,0,0,0,0,BEV1067,1.330829761,77.8,1,1.362446189,25.17087936,35,-0.242535819,0.970142452,-0.587786674,14.14999962,118.8,1688.6,20.95,6.65,54.6,25.1,354.4,7.671826798,11,0,0,-0.375,Mixed,10,2147
43,BEV1067_7,10.17444,77.36333,0,0,0,0,0,0,0,0,0,0,0,0,0,0,0,0,0,0,0,0,0,0,0,0,0,0,0,0,0,0,0,0,0,0,0,0,0,0,BEV1067,0.779596615,70.2,1,-21.89478874,12.07995605,21.37755775,-0.725952672,0.687744661,0.664976239,14.14999962,118.8,1688.6,20.95,6.65,54.6,25.1,354.4,7.660114319,6,0,0,-2.875,Pinus,10,2122
44,BEV1067_8,10.17417,77.36278,0,0,0,0,0,0,0,0,0,0,0,0,0,0,0,0,0,0,0,0,0,0,0,0,0,0,0,0,0,0,0,0,0,0,0,0,7,0,BEV1067,0.414908979,81.2,1,-19.30596542,11.54924393,20.76054001,-0.478852344,0.877895456,0.664976239,14.14999962,118.8,1688.6,20.95,6.65,54.6,25.1,354.4,7.658699558,13,0,0,-0.875,Pinus,14.61538462,2119
45,BEX1057_1,10.17278,77.35417,0,0,0,0,0,0,0,0,0,0,0,0,0,0,0,0,0,0,0,0,0,0,0,0,0,0,0,0,0,0,0,0,0,0,0,0,1,0,BEX1057,0.341482846,77.8,1,17.06966782,5.982685566,9.899495125,0.780868842,-0.624695007,-1.280933857,13.94999981,118.6,1696.7,20.75,6.55,54.4,25.1,353.5,7.669961995,8,0,0,1,Pinus,10,2143
46,BEX1057_2,10.17306,77.35444,44,0,0,0,0,0,0,0,0,0,0,0,0,0,0,0,0,0,0,0,0,0,0,0,0,0,0,0,0,0,0,0,0,0,0,0,0,0,BEX1057,0.364210172,74.6,1,-4.803215027,16.13886642,22.09072113,0.734803549,-0.678279989,-0.182321563,13.94999981,118.6,1696.7,20.75,6.55,54.4,25.1,353.5,7.669028289,13,0,0,0.25,Mixed,10,2141
47,BEX1061_1,10.17222,77.35861,0,0,0,0,0,0,0,0,0,0,0,0,0,0,0,0,0,0,0,0,0,0,0,0,0,0,0,0,0,0,0,0,0,0,0,0,0,0,BEX1061,0.254496712,78.6,0.4,-23.16784477,18.469944,30.33150101,-0.04872241,-0.998812358,0.105360508,14.14999962,118.8,1688.6,20.95,6.65,54.6,25.1,354.4,7.676937146,8,0,0,-5.25,Acacia,15,2158
48,BEX1061_2,10.17278,77.35861,0,0,0,0,0,0,0,0,0,0,0,0,0,0,0,0,0,0,0,0,0,0,0,0,0,0,0,0,0,0,0,0,0,0,0,0,0,0,BEX1061,0.998752972,72.2,1,-19.56009102,8.560761452,21.0950222,0.953993712,0.299826612,-0.587786674,14.14999962,118.8,1688.6,20.95,6.65,54.6,25.1,354.4,7.68017564,15,0,0,-6.125,Pinus,12.66666667,2165
49,BEX1061_3,10.17361,77.35861,0,0,0,0,0,0,0,0,0,0,0,0,0,0,0,0,0,0,0,0,0,0,0,0,0,0,0,0,0,0,0,0,0,0,0,0,0,0,BEX1061,1.030918186,75,0.8,-38.20759201,8.881295204,18.43908882,-0.99861783,0.052558823,0.664976239,14.14999962,118.8,1688.6,20.95,6.65,54.6,25.1,354.4,7.676937146,21,0,0,-4.75,Pinus,11.9047619,2158
50,BEX1061_4,10.17333,77.35722,3,0,0,0,0,0,0,0,0,0,0,0,0,0,0,0,0,0,0,0,0,0,0,0,0,0,0,0,0,0,0,0,0,0,0,0,0,0,BEX1061,0.200169172,76.4,1,33.46795654,7.889173031,13.78404903,-0.058721925,0.998274379,-0.587786674,13.94999981,118.6,1696.7,20.75,6.55,54.4,25.1,353.5,7.68386398,7,0,0,-1,Acacia,41.42857143,2173
51,BEX1061_5,10.17306,77.35806,37,0,0,0,0,0,0,0,0,0,0,0,0,0,0,0,0,0,0,0,0,0,0,0,0,0,0,0,0,0,0,0,0,0,0,0,0,0,BEX1061,0.409274894,75.6,1,7.326615334,4.483864307,10.77032948,0.467887708,0.883787923,-0.587786674,13.94999981,118.6,1696.7,20.75,6.55,54.4,25.1,353.5,7.684324068,17,0,0,1.5,Acacia,10,2174
52,BEX1061_6,10.1725,77.35806,2,0,0,0,0,0,0,0,0,0,0,0,0,0,0,0,0,0,0,0,0,0,0,0,0,0,0,0,0,0,0,0,0,0,0,0,0,0,BEX1061,0.278377911,76.8,1,42.31199265,6.364834309,15.93737698,0.993883729,0.110431577,-1.280933857,13.94999981,118.6,1696.7,20.75,6.55,54.4,25.1,353.5,7.685243608,12,0,0,0.25,Acacia,10,2176
53,BEX1061_7,10.17222,77.3575,0,0,0,0,0,0,0,0,0,0,0,0,0,0,0,0,0,0,0,0,0,0,0,0,0,0,0,0,0,0,0,0,0,0,0,0,0,0,BEX1061,0.341124747,75.8,1,-9.257206917,17.05085182,30.90307426,-0.666015769,-0.745937662,-0.587786674,13.94999981,118.6,1696.7,20.75,6.55,54.4,25.1,353.5,7.681099002,11,0,0,-5.875,Acacia,30,2167
54,BEX1061_8,10.17278,77.35722,37,0,0,0,0,0,0,0,0,0,0,0,0,0,0,0,0,0,0,0,0,0,0,0,0,0,0,0,0,0,0,0,0,0,0,0,0,0,BEX1061,0.313829675,61.4,0,83.48651886,1.044309258,10.77032948,0.447213549,-0.894427214,-1.280933857,13.94999981,118.6,1696.7,20.75,6.55,54.4,25.1,353.5,7.686621335,13,0,0,0,Acacia,11.53846154,2179
55,BFB764_1,10.1706954,77.0865128,0,0,0,0,0,0,18,0,0,0,0,0,0,0,0,0,0,0,0,0,0,0,0,0,0,0,0,0,0,0,0,0,0,0,0,0,12,0,BFB764,0.144035223,66.8,0,-1.140794158,32.67866516,48.1040535,0.959568965,-0.281473626,2.120263577,15.85000038,101.7,2863.9,23.15,9.35,57.3,32.9,397,7.513709248,5,0,0,-0.5,Eucalyptus,10,1833
56,BFB764_2,10.1710025,77.0864367,0,0,0,0,0,0,26,0,0,0,0,0,0,0,0,0,0,0,0,0,0,0,0,0,0,0,0,0,0,0,0,0,0,0,0,0,9,0,BFB764,0.174768043,64.8,0,-3.416940689,36.01173019,54.99090958,0.936792168,-0.349886317,1.427116275,15.85000038,101.7,2863.9,23.15,9.35,57.3,32.9,397,7.516433303,6,0,0,-2.75,Eucalyptus,10,1838
57,BFB764_8,10.171022,77.0873207,0,0,0,0,0,0,39,0,0,0,0,0,0,0,0,0,0,0,0,0,0,0,0,0,0,0,0,0,0,0,0,0,0,0,0,0,0,0,BFB764,0.027645214,61.4,0,-5.488096237,26.61639595,37.82855988,0.958051371,-0.28659653,1.609437943,15.85000038,101.7,2863.9,23.15,9.35,57.3,32.9,397,7.486052618,3,0,0,-2.125,Eucalyptus,10,1783
58,BFF977_1,10.1664474,77.2812451,0,0,0,0,2,0,0,0,0,0,0,0,0,0,0,0,0,0,0,0,0,0,0,0,0,0,0,0,0,0,0,0,0,0,0,0,5,0,BFF977,1.200919539,67.6,0,-0.785848498,34.96964264,53.17894363,0.701238943,-0.712926325,0.105360508,13.85000038,112.2,1780.8,20.75,6.75,53.7,24.2,325.8,7.654443226,22,0,0,3.75,Pinus,10,2110
59,BFI1093_1,10.16222,77.39361,6,0,0,0,0,0,0,0,0,0,0,0,0,0,0,0,0,0,0,0,0,0,0,0,0,0,0,0,0,0,0,0,0,0,0,0,3,0,BFI1093,0.402749541,76.8,1,-2.643980265,16.54985619,21.84033012,0.784882788,-0.61964426,-0.587786674,14.55000019,123.6,1723.8,21.45,6.75,55.7,25.6,367,7.700295203,11,0,0,-1.375,Acacia-Eucalyptus,22.72727273,2209
60,BFI1093_2,10.16222,77.38611,2,0,1,0,0,0,0,0,0,0,0,0,0,0,0,0,0,0,0,0,0,0,0,0,0,0,0,0,0,0,0,0,0,0,0,0,0,0,BFI1093,0.245194105,79.8,1,1.911840558,24.39838219,34.07344818,0.161488496,-0.986874595,-0.587786674,13.75,123.2,1709.7,20.65,6.05,55.4,25.3,361.5,7.697575347,15,0,0,-0.625,Acacia,24.66666667,2203
61,BFI1093_3,10.16278,77.38778,10,0,0,0,0,0,0,0,0,0,0,0,0,0,0,0,0,0,0,0,0,0,0,0,0,0,0,0,0,0,0,0,0,0,0,0,3,0,BFI1093,0.35400834,73.4,0.8,6.842884064,12.7462225,18.57417488,0.851036016,-0.525107322,-0.587786674,13.75,123.2,1709.7,20.65,6.05,55.4,25.3,361.5,7.702556113,14,0,0,2.125,Acacia,15.71428571,2214
62,BFI1093_4,10.16333,77.38778,32,0,0,0,0,0,0,0,0,0,0,0,0,0,0,0,0,0,0,0,0,0,0,0,0,0,0,0,0,0,0,0,0,0,0,0,0,0,BFI1093,0.292168687,75.2,1,9.439351082,17.69272804,31.98437119,0.899508148,-0.436903985,-1.280933857,13.75,123.2,1709.7,20.65,6.05,55.4,25.3,361.5,7.708410667,15,0,0,7.375,Acacia,11.33333333,2227
63,BFI1093_5,10.16222,77.38639,0,0,0,0,0,0,0,0,0,0,0,0,0,0,0,0,0,0,0,0,0,0,0,0,0,0,0,0,0,0,0,0,0,0,0,0,1,0,BFI1093,0.244828049,75.6,1,-5.388810635,17.45819855,28.35489464,0.181162329,-0.983453207,-0.182321563,13.75,123.2,1709.7,20.65,6.05,55.4,25.3,361.5,7.695757991,11,0,0,-3,Mixed,10,2199
64,BFI1093_6,10.16222,77.38778,10,0,0,0,0,0,0,0,0,0,0,0,0,0,0,0,0,0,0,0,0,0,0,0,0,0,0,0,0,0,0,0,0,0,0,0,0,0,BFI1093,0.410778908,78.8,1,-13.51707458,6.415832996,13.85640621,-0.837610583,-0.546267802,-0.587786674,13.75,123.2,1709.7,20.65,6.05,55.4,25.3,361.5,7.69802917,21,0,0,-3.25,Acacia,11.9047619,2204
65,BFI1093_8,10.16306,77.38722,11,0,0,0,0,0,0,0,0,0,0,0,0,0,0,0,0,0,0,0,0,0,0,0,0,0,0,0,0,0,0,0,0,0,0,0,0,0,BFI1093,0.340679113,74.2,1,28.23044586,10.85079384,21.02379608,-0.985211733,-0.1713413,-1.280933857,13.75,123.2,1709.7,20.65,6.05,55.4,25.3,361.5,7.705712824,19,0,0,4.5,Acacia,13.15789474,2221
66,BFI939_1,10.1634854,77.2468227,0,0,0,0,0,0,26,0,0,0,0,0,0,0,0,0,0,1,1,2,0,0,0,0,0,0,0,0,0,0,0,0,0,0,0,0,1,0,BFI939,0.150297971,66.6,0,-23.21860313,16.4946022,25,0.998460351,-0.05547006,2.877949238,15.64999962,113.5,1870.2,22.75,8.65,53.7,24.7,326.9,7.526717561,4,0,0,-1.375,Eucalyptus,10,1857
67,BFI939_2,10.1641573,77.2469314,0,0,1,0,0,0,31,0,0,0,0,0,0,0,0,0,6,0,0,0,0,0,0,0,0,0,0,0,0,0,0,0,0,0,0,0,7,0,BFI939,0.078471345,72,0,-9.315493584,24.55828094,35.76311111,0.151387916,-0.98847443,2.762117386,15.64999962,113.5,1870.2,22.75,8.65,53.7,24.7,326.9,7.537430037,5,0,0,3.125,Eucalyptus,10,1877
68,BFJ976_1,10.1625589,77.2794667,0,0,0,0,0,0,44,0,0,0,0,0,0,0,0,0,0,0,0,0,0,0,0,0,0,0,0,0,0,0,0,0,0,0,0,0,1,0,BFJ976,0.131525645,76.8,0,5.169983864,16.04336929,22.47220421,0.999592088,0.028559717,-0.587786674,13.85000038,112.2,1780.8,20.75,6.75,53.7,24.2,325.8,7.703459048,4,0,0,0.625,Acacia,10,2216
69,BFJ976_2,10.1629881,77.2798104,0,0,0,0,1,0,0,0,0,0,0,0,0,0,0,0,0,0,0,0,0,0,0,0,0,0,0,0,0,0,0,0,0,0,0,0,0,0,BFJ976,0.24026826,81,0,25.90608597,8.750800133,24.02082443,0.52999893,0.84799831,-1.280933857,13.85000038,112.2,1780.8,20.75,6.75,53.7,24.2,325.8,7.70210434,6,0,0,6.875,Acacia,10,2213
70,BFJ976_3,10.1623673,77.2802108,0,0,0,0,0,0,44,0,0,0,0,0,0,0,0,0,0,0,0,0,0,0,0,0,0,0,0,0,0,0,0,0,0,0,0,0,0,0,BFJ976,0.238525513,84.2,0,-5.43429327,26.81315994,39.4968338,0.818088705,-0.575092055,-0.587786674,13.85000038,112.2,1780.8,20.75,6.75,53.7,24.2,325.8,7.690743164,7,0,0,2.75,Acacia,10,2188
71,BFJ976_4,10.1623629,77.2793254,0,0,0,0,0,0,10,0,0,0,0,0,0,0,0,0,0,0,0,0,0,0,0,0,0,0,0,0,0,0,0,0,0,0,0,0,0,0,BFJ976,0.069025499,65,0,5.169983864,16.04336929,22.47220421,0.999592088,0.028559717,-0.587786674,13.85000038,112.2,1780.8,20.75,6.75,53.7,24.2,325.8,7.703459048,3,0,0,0.625,Acacia,10,2216
72,BFK1091_1,10.15889,77.38528,16,0,0,0,0,0,0,0,0,0,0,0,0,0,0,0,0,0,0,0,0,0,0,0,0,0,0,0,0,0,0,0,0,0,0,0,0,0,BFK1091,0.28173608,83.2,1,-6.62981081,18.72139931,26.09597588,0.084038943,0.996462471,0.510825634,13.75,123.2,1709.7,20.65,6.05,55.4,25.3,361.5,7.703459048,9,0,0,0.625,Mixed,12.22222222,2216
73,BFK1091_2,10.16167,77.38583,0,0,0,0,0,0,0,0,0,0,0,0,0,0,0,0,0,0,0,0,0,0,0,0,0,0,0,0,0,0,0,0,0,0,0,0,59,0,BFK1091,0.159704028,64,1,-36.68795013,6.818162918,10.09950447,0.926092374,-0.377296853,2.051270723,13.75,123.2,1709.7,20.65,6.05,55.4,25.3,361.5,7.691200098,11,0,0,-1,Pinus,10,2189
74,BFK1091_3,10.16028,77.38611,0,0,0,0,0,0,0,0,0,0,0,0,0,0,0,0,0,0,0,0,0,0,0,0,0,0,0,0,0,0,0,0,0,0,0,0,0,0,BFK1091,0.612666954,73.2,1,-1.814117312,16.93798065,23.81176186,0.806404997,0.591363662,-1.280933857,13.75,123.2,1709.7,20.65,6.05,55.4,25.3,361.5,7.699842407,7,0,0,-1.625,Mixed,21.42857143,2208
75,BFK1091_4,10.16056,77.38528,6,0,0,0,0,0,0,0,0,0,0,0,0,0,0,0,0,0,0,0,0,0,0,0,0,0,0,0,0,0,0,0,0,0,0,0,0,0,BFK1091,0.362881228,75.2,1,41.08418274,6.250197887,14.96662998,-0.974391148,-0.224859713,-1.280933857,13.75,123.2,1709.7,20.65,6.05,55.4,25.3,361.5,7.701652363,10,0,0,3.5,Mixed,22,2212
76,BFK1091_6,10.16139,77.38472,0,0,0,0,0,0,0,0,0,0,0,0,0,0,0,0,0,0,0,0,0,0,0,0,0,0,0,0,0,0,0,0,0,0,0,0,0,0,BFK1091,0.609985193,73.4,1,8.113660812,4.126507759,8.944272041,-0.282166091,0.95936557,-1.280933857,13.75,123.2,1709.7,20.65,6.05,55.4,25.3,361.5,7.693937326,11,0,0,1,Mixed,24.54545455,2195
77,BFK1091_7,10.16083,77.38472,0,0,0,0,0,0,0,0,0,0,0,0,0,0,0,0,0,0,0,0,0,0,0,0,0,0,0,0,0,0,0,0,0,0,0,0,0,0,BFK1091,0.621571673,75.6,1,15.80371761,12.02836037,19.36491585,-0.962964039,0.269629857,-1.280933857,13.75,123.2,1709.7,20.65,6.05,55.4,25.3,361.5,7.697121317,12,0,0,3.375,Mixed,15,2202
78,BFK1091_8,10.16056,77.38472,70,0,0,0,0,0,0,0,0,0,0,0,0,0,0,0,0,0,0,0,0,0,0,0,0,0,0,0,0,0,0,0,0,0,0,0,0,0,BFK1091,0.391178977,78,1,10.2974329,11.8304615,15.96871948,-0.999807826,-0.019603871,-0.587786674,13.75,123.2,1709.7,20.65,6.05,55.4,25.3,361.5,7.696212639,6,0,0,-0.125,Mixed,16.66666667,2200
79,BFM1075_1,10.15889,77.37083,0,0,0,0,0,0,0,0,0,0,0,0,0,0,0,0,0,0,0,0,0,0,0,0,0,0,0,0,0,0,0,0,0,0,0,0,0,0,BFM1075,0.48254983,84.8,0.4,-34.86447144,11.55238247,18.30300522,0.219038358,-0.975716249,1.663505197,14.14999962,121.7,1692.8,21.05,6.55,54.9,25,353.3,7.655864018,8,0,0,-3.125,Pinus,12.5,2113
80,BFM1075_2,10.15944,77.37056,0,0,0,0,0,0,0,0,0,0,0,0,0,0,0,0,0,0,0,0,0,0,0,0,0,0,0,0,0,0,0,0,0,0,0,0,1,0,BFM1075,0.845789156,70.2,1,13.62852764,14.78544807,21.56385803,0.995634222,-0.093340748,-1.280933857,14.14999962,121.7,1692.8,21.05,6.55,54.9,25,353.3,7.663407665,12,0,0,0.625,Pinus,11.66666667,2129
81,BFP955_1,10.1574508,77.261106,0,0,0,0,0,0,4,0,0,0,0,0,0,0,0,0,0,0,0,0,0,0,0,0,0,0,0,0,0,0,0,0,0,0,0,0,3,0,BFP955,0.407094471,72.6,0,7.765161037,25.63760185,36.53765106,-0.974964505,-0.222360548,-0.587786674,16.45000076,114.3,1799.4,23.45,9.25,53.9,24,317.8,7.455876687,9,10.46996546,0,1.375,Eucalyptus,10,1730
82,BFP955_5,10.1576802,77.2619511,0,0,5,0,0,0,5,0,0,0,0,0,0,0,0,0,0,0,0,0,0,0,0,0,0,0,0,0,0,0,0,0,0,0,0,0,0,0,BFP955,0.747168796,71.6,0,10.86464119,28.35744667,43.84062195,-0.942427765,-0.33440979,-1.280933857,16.45000076,114.3,1799.4,23.45,9.25,53.9,24,317.8,7.488293515,12,10.44784466,0,5.25,Eucalyptus,10,1787
83,BFP955_6,10.1579766,77.2607886,0,0,2,0,0,0,4,0,0,0,0,0,0,0,0,0,0,0,0,0,0,0,0,0,0,0,0,0,0,0,0,0,0,0,0,0,0,0,BFP955,0.375335102,68,0,-0.413395166,28.13872147,40.14971924,-0.998111869,0.061422278,0.510825634,16.45000076,114.3,1799.4,23.45,9.25,53.9,24,317.8,7.446001498,7,9.858385579,0,-1.25,Eucalyptus,10,1713
84,BFP955_7,10.1574518,77.2606998,0,0,0,0,0,0,5,0,0,0,0,0,0,0,0,0,0,0,0,0,0,0,0,0,0,0,0,0,0,0,0,0,0,0,0,0,0,0,BFP955,0.283733475,72,0,9.021726608,19.66060448,28.65309715,-0.999933948,0.011493417,-0.182321563,16.45000076,114.3,1799.4,23.45,9.25,53.9,24,317.8,7.448333861,3,10.36457656,0,0.375,Eucalyptus,10,1717
85,BFQ1052_1,10.15583,77.34889,0,0,0,0,0,0,0,0,0,0,0,0,0,0,0,0,0,0,0,0,0,0,0,0,0,0,0,0,0,0,0,0,0,0,0,0,0,0,BFQ1052,1.561699921,79.8,1,-1.017943859,15.68023109,21.74856377,0.435560921,0.900159255,-0.182321563,13.94999981,120.2,1709.1,20.85,6.35,54.3,24.8,344.6,7.691200098,10,0,0,-2.125,Pinus,10,2189
86,BFQ1052_2,10.15528,77.34889,0,0,0,0,0,0,0,0,0,0,0,0,0,0,0,0,0,0,0,0,0,0,0,0,0,0,0,0,0,0,0,0,0,0,0,0,0,0,BFQ1052,0.939221065,68.8,1,38.47494888,12.41117191,25.94224358,0.743294139,0.66896474,-1.280933857,13.94999981,120.2,1709.1,20.85,6.35,54.3,24.8,344.6,7.700295203,7,0,0,6.875,Mixed,10,2209
87,BFQ1052_3,10.15611,77.34972,0,0,0,0,0,0,0,0,0,0,0,0,0,0,0,0,0,0,0,0,0,0,0,0,0,0,0,0,0,0,0,0,0,0,0,0,0,0,BFQ1052,0.651795197,79.2,1,8.037227631,13.267313,27.16615486,0.992543458,0.121891283,-1.280933857,13.94999981,120.2,1709.1,20.85,6.35,54.3,24.8,344.6,7.688913337,10,0,0,5.75,Mixed,12,2184
88,BFQ1052_4,10.15556,77.34972,54,0,0,0,0,0,0,0,0,0,0,0,0,0,0,0,0,0,0,0,0,0,0,0,0,0,0,0,0,2,0,0,0,0,0,0,0,0,BFQ1052,1.024074523,84,1,-6.686618328,14.33798409,22.06807709,0.768221264,0.640184419,0.105360508,13.94999981,120.2,1709.1,20.85,6.35,54.3,24.8,344.6,7.689828669,15,0,0,1.125,Acacia-Eucalyptus,10,2186
89,BFQ1052_5,10.15528,77.33361,94,0,0,0,0,0,0,0,0,0,0,0,0,0,0,0,0,0,0,0,0,0,0,0,0,0,0,0,0,0,0,0,0,0,0,0,1,0,BFQ1052,0.387765103,77.6,1,2.853915691,29.16633606,41.74925232,0.051028363,0.998697204,-0.587786674,13.94999981,119.4,1717.1,20.85,6.45,54.1,24.9,343.4,7.693937326,13,0,0,-1.625,Acacia-Eucalyptus,11.53846154,2195
90,BFQ1052_6,10.15583,77.33361,1,0,0,0,0,0,0,0,0,0,0,0,0,0,0,0,0,0,0,0,0,0,0,0,0,0,0,0,0,0,0,0,0,0,0,0,0,0,BFQ1052,0.463101096,79.8,1,4.331811428,8.826438904,15.0996685,-0.498964547,0.866622398,-1.280933857,13.94999981,119.4,1717.1,20.85,6.45,54.1,24.9,343.4,7.686162303,11,0,0,1.75,Mixed,10,2178
91,BFQ1052_7,10.15611,77.33361,0,0,0,0,0,0,0,0,0,0,0,0,0,0,0,0,0,0,0,0,0,0,0,0,0,0,0,0,0,0,0,0,0,0,0,0,0,0,BFQ1052,1.040141215,72,1,11.60841274,9.243040085,16.24807739,0,1,-0.587786674,13.94999981,119.4,1717.1,20.85,6.45,54.1,24.9,343.4,7.684324068,8,0,0,2.5,Pinus,17.5,2174
92,BFQ1052_8,10.15611,77.34889,0,0,0,0,0,0,0,0,0,0,0,0,0,0,0,0,0,0,0,0,0,0,0,0,0,0,0,0,0,0,0,0,0,0,0,0,0,0,BFQ1052,1.675280846,75.8,1,-13.52193737,14.76699066,21.56385803,0.154376912,0.988012029,0.105360508,13.94999981,120.2,1709.1,20.85,6.35,54.3,24.8,344.6,7.687538766,9,0,0,-1.875,Pinus,10,2181
93,BFQ767_1,10.1570566,77.090497,0,0,0,0,0,0,0,0,0,0,0,0,0,0,0,0,0,0,0,0,0,0,0,0,0,0,0,0,0,0,0,0,0,0,0,0,0,0,BFQ767,0.261793966,76,0,3.342416763,35.3564415,56.12486267,0.854421444,-0.519580596,-0.587786674,16.75,105.1,2867.3,24.25,10.15,57.5,32.9,399.8,7.380879036,13,10.58187636,0,6,Eucalyptus,10,1605
94,BFQ977_1,10.1566238,77.2812878,10,0,0,0,0,0,3,0,0,0,0,0,0,0,0,0,0,0,0,0,0,0,0,0,0,0,0,0,0,0,0,0,0,0,0,0,0,0,BFQ977,0.071818668,68,0,-2.45953083,25.2322998,35.76311111,0.878227673,0.478242777,-0.182321563,13.25,112.2,1772.3,20.15,6.05,53.8,24,320.6,7.69211334,1,0,0,-1.875,Acacia,10,2191
95,BFQ977_2,10.1561434,77.2811407,8,0,0,0,0,0,23,0,0,0,0,0,0,0,0,0,0,0,0,0,0,0,0,0,0,0,0,0,0,0,0,0,0,0,0,0,0,0,BFQ977,0.419946233,77.8,0,9.961548805,18.76408195,27.64055061,0.97867779,0.205401517,-1.280933857,13.25,112.2,1772.3,20.15,6.05,53.8,24,320.6,7.703007682,6,0,0,3,Acacia-Eucalyptus,10,2215
96,BFW737_1,10.1521881,77.0623534,0,0,0,0,0,0,1,0,0,0,0,0,0,0,0,0,0,0,0,0,0,0,0,0,0,0,0,0,0,0,0,0,0,0,0,0,0,0,BFW737,0.109506559,72.8,0,-5.424372196,32.89361572,48.47679901,0.220261033,-0.975440965,1.663505197,15.35000038,101.5,3129.2,22.85,8.85,59.2,33.7,411.3,7.490529402,6,0,0,2.25,Eucalyptus,10,1791
97,BFW737_2,10.1526434,77.0623806,0,0,0,0,0,0,2,0,0,0,0,0,0,0,0,0,0,0,0,0,37,0,0,0,0,0,0,0,0,0,0,0,0,0,0,0,5,0,BFW737,0.275075446,64.4,0,10.67008972,28.40681267,55.04543686,0.316227815,-0.948683282,-1.280933857,15.35000038,101.5,3129.2,22.85,8.85,59.2,33.7,411.3,7.513163545,10,0,0,13,Eucalyptus,10,1832
98,BFY852_1,10.1492213,77.1680082,0,0,0,0,0,0,74,0,0,0,0,7,0,0,0,0,0,0,0,0,0,0,0,0,0,0,0,0,0,0,0,0,0,0,0,0,2,0,BFY852,0.063622189,42.8,0,27.10385323,8.547049522,13.85640621,-0.707106781,-0.707106781,-1.280933857,17.64999962,111,2148,25.05,10.85,55.4,26.2,330.6,7.418780883,5,0,0,0,Eucalyptus,10,1667
99,BFY852_2,10.149945,77.1679798,0,0,4,0,0,0,36,0,0,0,0,12,0,0,0,0,0,0,0,0,0,0,0,0,0,0,0,0,0,0,0,0,0,0,0,0,2,0,BFY852,0.183489734,57.2,0,18.86056328,9.243041039,15.19868374,1.22E-16,-1,-1.280933857,17.64999962,110.9,2141.2,23.75,9.75,55.1,26.3,332.7,7.426549072,10,0,0,-0.625,Eucalyptus,10,1680
100,BFY852_3,10.150522,77.1680645,0,0,0,0,0,0,22,0,0,0,0,0,0,0,0,0,0,0,0,0,0,0,0,0,0,0,0,0,0,0,0,0,0,0,0,0,0,0,BFY852,0.097609727,65.6,0,3.878749847,14.99843788,19.82422829,0.288741957,-0.957406958,0.328504086,16.54999924,110.9,2141.2,23.75,9.75,55.1,26.3,332.7,7.434847875,5,0,0,0.125,Eucalyptus,10,1694
101,BFY852_4,10.15018,77.1673614,0,0,1,0,0,0,12,0,0,0,0,5,0,0,0,0,0,0,0,0,0,0,0,0,0,0,0,0,0,0,0,0,0,0,0,0,1,0,BFY852,0.10625184,57.6,0,-7.30009985,13.72564697,19.82422829,0.183282324,-0.983060318,1.71479845,16.54999924,110.9,2141.2,23.75,9.75,55.1,26.3,332.7,7.432483808,8,0,0,1.125,Eucalyptus,10,1690
102,BFY852_5,10.1496764,77.1672419,0,0,0,0,0,0,12,0,0,3,0,6,0,0,0,0,0,0,0,0,0,0,0,0,0,0,0,0,0,0,0,0,0,0,0,0,0,0,BFY852,0.14803797,45.6,0,-1.094465613,11.43286133,18.33030319,0.994834147,-0.101513648,-1.280933857,17.64999962,111,2148,25.05,10.85,55.4,26.2,330.6,7.430114139,6,0,0,2.25,Eucalyptus,10,1686
103,BFY852_6,10.1503344,77.1666275,0,0,1,0,0,0,3,0,0,1,0,3,0,0,0,0,0,0,0,0,0,0,0,0,0,0,0,0,0,0,0,0,0,0,0,0,0,0,BFY852,0.109721418,52.8,0,4.828771114,13.10233402,18.62793541,0.613940628,-0.789352206,0.79850769,15.75,110.9,2141.2,23.75,9.75,55.1,26.3,332.7,7.440146681,9,0,0,2.125,Eucalyptus,10,1703
104,BFY852_7,10.1499591,77.1666679,0,0,1,0,0,0,3,0,0,0,0,2,0,0,0,0,0,0,0,0,0,0,0,0,0,0,0,0,0,0,0,0,0,0,0,0,0,0,BFY852,0.108320854,60.8,0,0.831736624,11.89534283,16.12451553,0.58123814,-0.81373351,0.664976239,17.64999962,110.9,2141.2,23.75,9.75,55.1,26.3,332.7,7.436027816,9,0,0,-0.25,Eucalyptus,10,1696
105,BFY852_8,10.1495322,77.166557,0,0,0,0,0,0,30,0,0,0,0,0,0,0,0,0,0,0,0,0,0,0,0,0,0,0,0,0,0,0,0,0,0,0,0,0,0,0,BFY852,0.063566484,60.4,0,20.851717,2.343616962,9,0.800000018,-0.599999976,-1.280933857,16.95000076,111,2148,25.05,10.85,55.4,26.2,330.6,7.434257382,6,0,0,2.125,Eucalyptus,10,1693
106,BFZ787_3,10.1496914,77.1085593,0,0,0,0,0,0,0,0,0,0,0,18,0,0,0,0,0,0,0,0,0,0,0,0,0,0,0,0,0,0,0,0,0,0,0,0,0,0,BFZ787,0.168672409,52.8,0,-7.376171112,32.83635712,53.18834305,-0.773392139,0.633927914,-0.182321563,17.25,106.4,2592.6,24.75,10.65,56.6,31.1,378.2,7.275172319,6,0,0,-8.375,Eucalyptus,10,1444
107,BFZ787_4,10.1491542,77.108042,0,0,0,0,0,0,1,0,0,0,0,1,0,0,0,0,0,0,0,0,0,0,0,0,0,0,0,0,0,0,0,0,0,0,0,0,7,0,BFZ787,0.127785504,20.6,0,6.142505169,24.86026382,35.87478256,-0.475148958,0.879905374,1.021651268,17.85000038,105.7,2678.2,25.35,11.15,56.9,31.7,385.6,7.288244401,7,0,21,2.125,Eucalyptus,10,1463
108,BGA971_1,10.1481593,77.2754883,1,0,0,0,0,0,0,0,0,0,0,0,0,0,0,0,0,0,0,0,0,0,0,0,0,0,0,0,0,0,0,0,0,0,0,0,0,0,BGA971,0.116278601,69.2,0,7.922751427,27.95343399,44.45222092,0.600000083,-0.799999938,-0.587786674,13.64999962,115.8,1753.5,20.65,6.35,54.1,23.5,313.3,7.780720886,4,0,0,6,Acacia,10,2394
109,BGA971_2,10.148179,77.2750698,7,0,0,0,0,0,3,0,0,0,0,0,0,0,0,0,0,0,0,0,0,0,0,0,0,0,0,0,0,0,0,0,0,0,0,0,4,0,BGA971,0.077365218,91.2,0.2,4.10878706,20.47787857,29.66479301,0.316227815,-0.948683282,0.105360508,13.64999962,115.8,1753.5,20.65,6.35,54.1,23.5,313.3,7.784473236,3,0,0,1.5,Acacia,10,2403
110,BGA971_3,10.1479955,77.2759748,0,0,0,0,0,0,2,0,0,0,0,0,0,0,0,0,0,0,0,0,0,0,0,0,0,0,0,0,0,0,0,0,0,0,0,0,0,0,BGA971,0.113907193,73.4,0,-6.950108051,32.76895523,51.29327393,0.640808206,-0.767701012,0.105360508,13.64999962,115.8,1753.5,20.65,6.35,54.1,23.5,313.3,7.766416898,6,0,0,-3.625,Acacia,10,2360
111,BGA971_4,10.1476571,77.2759273,5,0,0,0,0,0,5,0,0,0,0,0,0,0,0,0,0,0,0,0,0,0,0,0,0,0,0,0,0,0,0,0,0,0,0,0,1,0,BGA971,0.207219736,84.6,0.2,-2.915504932,35.89332962,54.00925827,0.740195745,-0.672391448,-0.182321563,13.64999962,115.8,1753.5,20.65,6.35,54.1,23.5,313.3,7.766840537,7,0,0,-1.625,Acacia,10,2361
112,BGA971_5,10.1471151,77.2761567,2,0,0,0,0,0,70,0,0,0,0,0,0,0,0,0,0,0,0,0,0,0,0,0,0,0,0,0,0,0,0,0,0,0,0,0,0,0,BGA971,0.239217837,87.4,0.2,3.736423492,26.54859543,37.58989334,0.919145012,-0.39391934,-1.280933857,13.64999962,115.8,1753.5,20.65,6.35,54.1,23.5,313.3,7.753623547,5,0,0,1.625,Acacia,10,2330
113,BGA971_6,10.1467306,77.2760709,8,0,0,0,0,0,13,0,0,0,0,0,0,0,0,0,0,0,0,0,0,0,0,0,0,0,0,0,0,0,0,0,0,0,0,0,0,0,BGA971,0.31988552,82.4,0.2,4.006440639,20.02450943,29.58039856,0.729187211,-0.684314264,1.203972816,13.64999962,115.8,1753.5,20.65,6.35,54.1,23.5,313.3,7.746732908,6,0,0,-1.125,Acacia,10,2314
114,BGA971_7,10.1466911,77.2756088,1,0,0,0,0,0,46,0,0,0,0,0,0,0,0,0,0,0,0,0,0,0,0,0,0,0,0,0,0,0,0,0,0,0,0,0,0,0,BGA971,0.452939053,91.4,0,-1.559375405,27.79800797,39.3446312,0.650791283,-0.75925668,0.664976239,13.64999962,115.8,1753.5,20.65,6.35,54.1,23.5,313.3,7.754910272,11,0,0,-1.5,Acacia,10,2333
115,BGA971_8,10.1489908,77.2759813,8,0,0,0,0,0,16,0,0,0,0,0,0,0,0,0,0,0,0,0,0,0,0,0,0,0,0,0,0,0,0,0,0,0,0,0,13,0,BGA971,0.212702624,87.8,0,3.822230577,22.18195152,30.41381264,0.369667278,-0.929164196,-0.182321563,13.64999962,115.8,1753.5,20.65,6.35,54.1,23.5,313.3,7.784889296,6,0,0,0.875,Acacia,10,2404
116,BGC1074_1,10.14417,77.37028,17,0,0,0,0,0,0,0,0,0,0,0,0,0,0,0,0,0,0,0,0,0,0,0,0,0,0,0,0,0,0,0,0,0,0,0,0,0,BGC1074,0.977911632,69.6,0.8,-21.86885262,5.350893974,11.18033981,0.043437267,0.999056157,-1.280933857,14.25,122.7,1681.6,21.25,6.55,55.1,24.1,338.8,7.689828669,18,0,0,-1.125,Mixed,11.11111111,2186
117,BGC1074_2,10.14472,77.37028,21,0,0,0,0,0,0,0,0,0,0,0,0,0,0,0,0,0,0,0,0,0,0,0,0,0,0,0,0,0,0,0,0,0,0,0,1,0,BGC1074,0.531283073,70.2,0.8,-11.99529362,14.64692783,19.20937347,0.766936774,-0.64172267,-0.182321563,14.25,122.7,1681.6,21.25,6.55,55.1,24.1,338.8,7.690743164,12,0,0,0.625,Acacia-Eucalyptus,11.66666667,2188
118,BGC1074_3,10.14528,77.37028,12,0,0,0,0,0,0,0,0,0,0,0,0,0,0,0,0,0,0,0,0,0,0,0,0,0,0,0,0,0,0,0,0,0,0,0,0,0,BGC1074,1.179234677,75,0.8,1.603501201,12.78599358,17.52141571,0.358978999,-0.933345637,-1.280933857,14.25,122.7,1681.6,21.25,6.55,55.1,24.1,338.8,7.695757991,18,0,0,-0.375,Acacia-Eucalyptus,12.22222222,2199
119,BGC1074_4,10.14528,77.36889,45,0,0,0,0,0,0,0,0,0,0,0,0,0,0,0,0,0,0,0,0,0,0,0,0,0,0,0,0,0,0,0,0,0,0,0,0,0,BGC1074,0.436617713,73.6,1,-12.10050392,14.50285435,19.97498512,-0.87115215,-0.491013169,-0.587786674,14.25,122.7,1681.6,21.25,6.55,55.1,24.1,338.8,7.694848072,7,0,0,0.625,Acacia-Eucalyptus,10,2197
120,BGC1074_5,10.14417,77.36917,20,0,0,0,0,0,0,0,0,0,0,0,0,0,0,0,0,0,0,0,0,0,0,0,0,0,0,0,0,0,0,0,0,0,0,0,4,0,BGC1074,0.580796176,68.8,1,25.49098015,9.222583771,15.93737698,-0.755689086,-0.654930534,-1.280933857,14.25,122.7,1681.6,21.25,6.55,55.1,24.1,338.8,7.6989362,9,5.857933154,0,3,Mixed,10,2206
121,BGC1074_6,10.145,77.36889,40,0,0,0,0,0,0,0,0,0,0,0,0,0,0,0,0,0,0,0,0,0,0,0,0,0,0,0,0,0,0,0,0,0,0,0,0,0,BGC1074,0.466188702,75.4,1,-15.32192707,16.52310753,22.86919403,-0.996545759,-0.083045475,0.328504086,14.25,122.7,1681.6,21.25,6.55,55.1,24.1,338.8,7.693025748,10,0,0,-1.375,Acacia-Eucalyptus,10,2193
122,BGC1074_7,10.14528,77.36972,3,0,0,0,0,0,0,0,0,0,0,0,0,0,0,0,0,0,0,0,0,0,0,0,0,0,0,0,0,0,0,0,0,0,0,0,0,0,BGC1074,0.408980457,77,1,32.99573135,7.498343468,13.52774906,0.371390634,-0.928476708,-1.280933857,14.25,122.7,1681.6,21.25,6.55,55.1,24.1,338.8,7.699389406,8,0,0,2.375,Acacia-Eucalyptus,10,2207
123,BGC1074_8,10.14472,77.36972,51,0,0,0,0,0,0,0,0,0,0,0,0,0,0,0,0,0,0,0,0,0,0,0,0,0,0,0,0,0,0,0,0,0,0,0,0,0,BGC1074,0.493141591,70.8,0.8,23.36522102,14.72420311,28.16025543,1,6.12E-17,-1.280933857,14.25,122.7,1681.6,21.25,6.55,55.1,24.1,338.8,7.699842407,7,0,0,6.375,Mixed,12.85714286,2208
124,BGC867_1,10.1465165,77.1807951,0,0,0,0,0,0,9,0,0,0,0,11,0,0,0,0,0,0,0,0,0,0,0,0,0,0,0,0,0,0,0,0,0,0,0,0,1,0,BGC867,0.411606514,67.8,0,-10.10906696,16.139328,23.40939903,-0.663487249,-0.74818759,1.021651268,17.85000038,112,2121.4,25.15,10.95,55.2,26.1,330.3,7.347299701,6,0,0,-3.25,Eucalyptus,10,1552
125,BGC867_2,10.1463098,77.1809217,0,0,0,0,0,0,7,0,0,0,0,24,0,0,0,0,0,0,0,0,0,3,0,0,0,0,0,0,0,0,0,0,0,0,0,0,4,0,BGC867,0.244565443,62.6,0,-10.10906696,16.139328,23.40939903,-0.663487249,-0.74818759,1.021651268,17.85000038,112,2121.4,25.15,10.95,55.2,26.1,330.3,7.347299701,2,0,0,-3.25,Eucalyptus,10,1552
126,BGE887_1,10.1445655,77.1994911,0,0,0,1,0,0,20,0,2,0,0,0,2,2,0,0,0,0,0,0,0,0,4,0,0,0,0,0,0,0,0,0,0,0,0,0,0,0,BGE887,3.237211542,70.8,0,11.40742016,23.54434967,32.64965439,-0.458404648,-0.888743595,-0.587786674,17.04999924,113,2071.6,24.35,10.05,54.8,25.9,331.7,7.422373701,4,0,154,2.75,Eucalyptus,15,1673
127,BGE887_2,10.144588,77.1991653,0,0,1,3,0,0,25,0,5,0,0,0,2,0,0,0,0,0,0,0,0,0,1,3,0,0,0,0,0,0,0,0,0,0,0,0,0,0,BGE887,0.537601525,64.6,0,11.1675806,19.58103943,26.05762863,-0.933938619,-0.357433429,-1.280933857,17.04999924,113,2071.6,24.35,10.05,54.8,25.9,331.7,7.421177529,5,0,94,0.875,Eucalyptus,10,1671
128,BGF1022_1,10.142873,77.3224571,7,0,0,0,0,0,10,0,0,0,0,0,0,0,0,0,0,0,0,0,0,0,0,0,0,0,0,0,0,0,0,0,0,0,0,0,0,0,BGF1022,0.323442633,66.6,0,7.365439415,26.31490898,38.22303009,-0.77763009,-0.628722072,-0.182321563,13.64999962,118,1721.6,20.65,6.15,54.1,24.4,332.3,7.695303135,4,0,0,4.625,Acacia,10,2198
129,BGF1022_2,10.1423345,77.3223686,5,0,0,0,0,0,90,0,0,0,0,0,0,0,0,0,0,0,0,0,0,0,0,0,0,0,0,0,0,0,0,0,0,0,0,0,8,0,BGF1022,0.27255284,35.6,0,-11.20962906,12.98245811,22.24859619,-0.834772707,-0.550594704,0.328504086,13.64999962,118,1721.6,20.65,6.15,54.1,24.4,332.3,7.685243608,2,0,0,-2.125,Acacia,10,2176
130,BGI890_1,10.140593,77.201692,0,0,8,0,0,0,49,0,0,0,0,0,0,0,0,0,0,0,0,0,0,0,0,0,0,0,0,0,0,0,0,0,0,0,0,0,0,0,BGI890,0.124705856,74.4,0,54.99927521,6.623408318,19.57038498,-0.989949508,-0.141421253,-1.280933857,16.95000076,116.4,2038.4,24.25,9.85,54.7,25.8,330.9,7.454719949,10,10.1948877,0,5.625,Eucalyptus,10,1728
131,BGI916_1,10.1406809,77.2256141,0,0,5,0,0,0,9,0,0,0,0,2,0,0,0,0,0,0,0,0,0,0,0,0,0,0,0,0,0,0,0,0,0,0,0,0,3,0,BGI916,0.17990079,58,0,26.29039383,8.953972816,13.85640621,0.595846891,-0.803098053,-1.280933857,16.54999924,116.6,1924.7,23.85,9.45,54.3,25,324.3,7.513163545,6,9.057888249,0,2.25,Eucalyptus,10,1832
132,BGI916_2,10.1403404,77.2253881,0,0,3,0,0,0,19,0,0,0,0,14,0,0,0,0,0,0,0,0,0,0,0,0,0,0,0,0,0,0,0,0,0,0,0,0,3,0,BGI916,0.187134382,62.6,0,28.08762741,12.91501999,18.30300522,-0.284088374,-0.9587981,-1.280933857,16.54999924,116.6,1924.7,23.85,9.45,54.3,25,324.3,7.510430556,6,9.3969859,0,2.375,Eucalyptus,10,1827
133,BGI916_3,10.1401284,77.2263005,0,0,0,0,0,0,16,0,0,0,0,11,0,0,0,0,0,0,0,0,0,0,0,0,0,0,0,0,0,0,0,0,0,0,0,0,0,0,BGI916,0.087208951,45.2,0,16.43878365,13.95580292,19.46792221,0.991227902,-0.132163707,-1.280933857,16.54999924,116.6,1924.7,23.85,9.45,54.3,25,324.3,7.497761701,5,0,0,0.375,Eucalyptus,10,1804
134,BGI916_5,10.1410554,77.2262902,0,0,6,0,0,0,6,0,0,0,0,4,0,0,0,0,0,0,0,0,0,0,0,0,0,0,0,0,0,0,0,0,0,0,0,0,2,0,BGI916,0.150870928,61.8,0,17.16481781,19.67760277,34.4528656,0.905596543,0.424140191,-1.280933857,16.54999924,116.6,1924.7,23.85,9.45,54.3,25,324.3,7.502738211,7,0,0,6.125,Eucalyptus,10,1813
135,BGI916_6,10.139978,77.2249388,0,0,5,0,0,0,30,0,0,0,0,12,0,0,0,0,0,0,0,0,0,0,0,0,0,0,0,0,0,0,0,0,0,0,0,0,9,0,BGI916,0.116374094,61.6,0,-6.753328323,16.47808838,26.64582443,-0.942990344,-0.332820088,-0.587786674,16.14999962,116.6,1924.7,23.85,9.45,54.3,25,324.3,7.505492275,5,9.737314897,0,3.75,Eucalyptus,10,1818
136,BGI916_7,10.1404983,77.2250059,0,0,9,0,0,0,0,0,0,0,0,2,0,0,0,0,0,0,0,0,0,0,0,0,0,0,0,0,0,0,0,0,0,0,0,0,22,0,BGI916,0.135369237,63,0,10.06246471,22.88285255,34.04409027,-0.972387326,-0.233372854,-1.280933857,16.54999924,116.6,1924.7,23.85,9.45,54.3,25,324.3,7.509335266,7,9.996522419,0,3.625,Eucalyptus,10,1825
137,BGI916_8,10.1410662,77.2249545,0,0,4,0,0,0,1,0,0,0,0,1,0,0,0,0,0,0,0,0,0,0,0,0,0,0,0,0,0,0,0,0,0,0,0,0,20,0,BGI916,0.084192965,36.8,0,3.697415829,24.27043152,36.37306595,-0.890761925,0.454470233,-0.587786674,16.14999962,116.6,1924.7,23.85,9.45,54.3,25,324.3,7.507690078,5,10.17210148,0,4.125,Eucalyptus,10,1822
138,BGK892_1,10.1392428,77.2038466,0,0,4,0,0,0,37,0,6,0,0,9,0,0,0,0,0,0,0,0,0,0,0,0,0,0,0,0,0,0,0,0,0,0,0,0,25,0,BGK892,0.097052684,68.2,0,3.417387247,18.2413044,26.07680893,-0.719401217,0.694594766,-0.182321563,16.95000076,116.4,2038.4,24.25,9.85,54.7,25.8,330.9,7.421177529,5,0,92,1,Eucalyptus,10,1671
139,BGL711_2,10.1389675,77.0393885,0,0,0,0,0,0,19,0,0,0,0,0,0,0,0,0,0,0,0,0,0,0,0,0,0,0,0,0,0,0,0,0,0,0,0,0,12,0,BGL711,0.100188037,60.8,0,19.01356888,12.33851433,18,-0.447213549,-0.894427214,-1.280933857,17.75,103.3,3409.5,25.45,11.25,61.6,34.2,420.5,7.336936914,4,10.69274005,90,1.75,Eucalyptus,10,1536
140,BGS746_1,10.1322662,77.0704758,0,0,3,0,0,0,11,1,0,0,0,0,0,0,0,0,0,0,0,0,0,0,0,0,0,0,0,0,0,0,0,0,0,0,0,0,8,0,BGS746,0.01529479,74.6,0,0.812843144,24.14198875,36.27671432,-0.054464508,-0.998515707,-0.182321563,17.25,104.9,3010.6,24.95,10.65,59.2,32.7,403.7,7.43838353,2,9.924270092,0,-4.75,Eucalyptus,10,1700
141,BGS746_2,10.132555,77.0704054,0,0,0,0,0,0,6,0,0,0,0,0,0,0,0,0,0,0,0,0,0,0,0,0,0,0,0,0,0,0,0,0,0,0,0,0,4,0,BGS746,0.019138382,77,0,6.466153622,25.46273804,39.19183731,-0.402164992,-0.915567212,-1.280933857,17.25,104.9,3010.6,24.95,10.65,59.2,32.7,403.7,7.44775128,2,9.609988595,0,1.75,Eucalyptus,10,1716
142,BGT732_1,10.1314226,77.0575743,0,0,0,0,0,0,11,0,0,0,0,16,0,0,0,0,0,0,0,0,0,0,0,0,0,0,0,0,0,0,0,0,0,0,0,0,0,0,BGT732,0.038992961,47.6,0.1,-10.29641533,7.055989742,10.29563046,-0.826926541,-0.562309965,0.328504086,17.85000038,103.7,3219.2,25.55,11.35,60.4,33.7,415.5,7.280008253,1,9.880679413,0,0,Eucalyptus,10,1451
143,BGT732_2,10.1318035,77.0576798,0,0,0,0,0,0,0,0,0,5,0,4,0,0,0,0,0,0,0,0,0,0,0,0,0,0,0,0,0,0,0,0,0,0,0,0,0,0,BGT732,0.082330852,63.8,0,-3.54192996,13.2205286,24.26932144,-0.99617471,0.087383901,-0.587786674,17.85000038,103.7,3219.2,25.55,11.35,60.4,33.7,415.5,7.282073658,5,10.0365751,0,-4.625,Eucalyptus,10,1454
144,BGW870_7,10.1280401,77.1828527,0,0,0,0,0,0,40,0,0,0,0,0,0,0,0,0,0,0,0,0,0,0,0,0,0,0,0,0,0,0,0,0,0,0,0,0,1,0,BGW870,0.114591559,69.8,0,8.41054821,33.21886063,51.96152496,-0.267323063,0.963606963,0.105360508,15.35000038,111.9,2106.2,22.75,8.35,55.7,25.7,324.7,7.6666902,1,10.55066933,0,3.75,Acacia,10,2136
145,BGZ816_2,10.1259352,77.1342939,0,0,1,0,0,0,48,3,0,0,0,2,0,0,0,0,0,0,0,0,0,0,0,0,0,0,0,0,0,0,0,0,0,0,0,0,0,0,BGZ816,0.016910213,37.2,0,-6.948649883,31.02093887,50.13980484,0.720571868,-0.693380259,-0.587786674,16.64999962,110.3,2330.8,24.25,9.85,56.7,27.7,341.9,7.390798522,2,0,0,-6.25,Eucalyptus,10,1621
146,BHB840_1,10.1242109,77.156779,0,0,0,0,0,0,36,26,0,0,0,12,0,0,0,0,0,0,0,0,0,0,0,0,0,0,0,0,0,0,0,0,0,0,0,0,3,0,BHB840,0.502539691,75.6,0,-6.473779202,12.07318211,19.4935894,-0.687744661,0.725952672,0.664976239,17.75,112,2201.2,25.35,10.75,56.8,26,323.4,7.31521839,8,0,124,-3.25,Eucalyptus,10,1503
147,BHB840_2,10.123533,77.1557837,0,0,1,0,0,0,25,0,0,0,0,7,3,0,0,0,0,0,0,0,0,0,0,0,0,0,0,0,0,0,0,0,0,0,0,0,2,0,BHB840,0.83634331,79.2,0.2,10.50852871,5.656477451,26.24880981,-0.784882788,-0.61964426,-1.280933857,17.75,112,2201.2,25.35,10.75,56.8,26,323.4,7.323170718,13,0,101,6.875,Eucalyptus,10,1515
148,BHC806_2,10.1232934,77.1246716,0,0,0,0,0,0,49,0,0,0,0,0,0,0,0,0,0,0,0,0,0,0,0,0,0,0,0,0,0,0,0,0,0,0,0,0,1,0,BHC806,0.187500438,42.8,0,-15.02016354,25.45093918,38.1051178,-0.222360288,-0.974964565,2.120263577,17.14999962,110.4,2459.8,24.75,10.25,57.4,28.8,353.9,7.41517511,8,0,0,-4.25,Eucalyptus,10,1661
149,BHC806_3,10.1222759,77.1255558,0,0,3,0,0,0,37,1,0,0,0,6,0,0,0,0,0,0,0,0,0,0,0,0,3,0,0,0,0,0,0,0,0,0,0,0,0,0,BHC806,0.203789947,60.4,0,11.87055874,29.81654167,45.16635895,-0.19884675,-0.980030597,-0.182321563,17.64999962,110.4,2384.8,25.35,10.85,57.2,28.1,344.9,7.401841579,7,0,96,3.25,Eucalyptus,10,1639
150,BHC806_5,10.1222938,77.1246311,0,0,0,0,0,0,0,0,0,0,0,11,0,0,0,0,0,0,0,0,0,0,0,0,0,0,0,0,0,0,0,0,0,0,0,0,13,0,BHC806,0.147990224,46.8,0.2,1.887758374,24.0163002,34.81378937,-0.734099393,-0.679042032,-0.587786674,17.14999962,110.4,2459.8,24.75,10.25,57.4,28.8,353.9,7.394493107,7,0,125,-2,Eucalyptus,10,1627
151,BHC806_6,10.1225169,77.1246564,0,0,0,0,0,0,4,0,0,1,0,2,0,0,0,0,0,0,0,0,0,0,0,0,0,0,0,0,0,0,0,0,0,0,0,0,0,0,BHC806,0.182693959,60.8,0,1.934387088,23.17795563,35.04283142,-0.667909779,-0.74424225,0.105360508,17.14999962,110.4,2459.8,24.75,10.25,57.4,28.8,353.9,7.403061091,6,0,113,4,Eucalyptus,10,1641
152,BHC806_7,10.1228316,77.1243976,0,0,0,0,0,0,49,0,0,0,0,2,0,0,0,0,0,0,0,0,0,0,0,0,0,0,0,0,0,0,0,0,0,0,0,0,1,0,BHC806,0.150170647,66.2,0,-11.10587692,14.31596565,22,-0.447213549,-0.894427214,3.062871456,17.14999962,110.4,2459.8,24.75,10.25,57.4,28.8,353.9,7.400620577,8,0,0,-3.75,Eucalyptus,10,1637
153,BHC806_8,10.0800949,77.1383448,0,0,6,0,0,0,27,3,0,0,0,2,0,0,0,0,0,0,0,0,0,0,0,0,0,0,0,0,0,0,0,0,0,0,0,0,3,0,BHC806,0.116278601,57.2,0,-6.453895092,32.61767197,50.55690002,-0.127164248,0.991881673,0.105360508,17.95000076,116.4,2152.4,25.85,10.75,59.2,23.4,296.2,7.31986493,7,0,0,-4.75,Eucalyptus,10,1510
154,BHG797_1,10.1192961,77.1172857,0,0,14,0,0,0,17,0,0,0,0,0,0,0,0,0,0,0,0,0,0,0,0,0,0,0,0,0,0,0,0,0,0,0,0,0,4,0,BHG797,0.116962968,40,0,-2.231762886,28.42500305,39.88734055,-0.172927412,-0.984934572,-0.182321563,17.14999962,110.4,2459.8,24.75,10.25,57.4,28.8,353.9,7.44132039,4,0,0,-0.875,Eucalyptus,10,1705
155,BHG797_2,10.1197146,77.1170841,0,0,4,0,0,0,7,28,0,0,0,0,0,0,0,0,0,0,0,0,0,0,0,0,0,0,0,0,0,0,0,0,0,0,0,0,5,0,BHG797,0.229461639,49.2,0,11.91855621,19.86754608,30.33150101,-0.247833295,-0.968802693,-1.280933857,17.14999962,110.4,2459.8,24.75,10.25,57.4,28.8,353.9,7.459914766,9,0,0,4.25,Eucalyptus,10,1737
156,BHG797_3,10.120235,77.1175104,0,0,0,0,0,0,40,9,0,0,0,15,0,0,0,0,0,0,0,0,0,0,0,0,0,0,0,0,0,0,0,0,0,0,0,0,11,0,BHG797,0.041133595,34.4,0,5.789767265,14.06235313,19.92485809,0.784045745,-0.620703044,-0.587786674,17.14999962,110.4,2459.8,24.75,10.25,57.4,28.8,353.9,7.466227556,4,0,0,1.875,Eucalyptus,10,1748
157,BHG797_4,10.1202335,77.1168873,0,0,0,0,0,0,42,0,0,0,0,0,0,0,0,0,0,0,0,0,0,0,0,0,0,0,0,0,0,0,0,0,0,0,0,0,9,0,BHG797,0.007647395,44.4,0,18.73361588,15.19087791,26.53299904,-0.224859452,-0.974391208,-1.280933857,17.14999962,110.4,2459.8,24.75,10.25,57.4,28.8,353.9,7.470224136,1,0,0,5.75,Eucalyptus,10,1755
158,BHG797_5,10.1202473,77.116265,0,0,1,0,0,0,10,6,0,0,0,1,0,0,0,0,0,0,0,0,0,0,0,0,0,0,0,0,0,0,0,0,0,0,0,0,19,0,BHG797,0.052186906,40.4,0,10.78526115,21.84312248,30.72458267,-0.827306273,-0.561751129,-0.587786674,16.95000076,107.6,2536.5,24.65,10.15,57.6,29.4,362.4,7.459338895,5,0,0,-1,Eucalyptus,10,1736
159,BHH723_3,10.1193693,77.050119,0,0,0,0,0,0,7,0,0,0,0,3,0,0,0,0,0,0,0,0,0,0,0,0,0,0,0,0,0,0,0,0,0,0,0,0,24,0,BHH723,0.231474949,56,0,11.47455788,14.27355289,23.32380676,0.934997525,0.354654238,-1.280933857,17.95000076,104.8,3206.6,25.65,11.35,60.5,33.5,415.2,7.397561536,6,0,0,4.5,Eucalyptus,16.66666667,1632
160,BHH723_8,10.1183483,77.0496765,0,0,1,0,0,0,18,0,0,0,0,0,0,0,0,0,0,0,0,0,0,0,0,0,0,0,0,0,0,0,0,0,0,0,0,0,13,0,BHH723,0.142252688,57,0,-6.307291508,26.7215004,37.74917221,-0.953459456,-0.301521252,-0.182321563,17.04999924,103.3,3305.2,24.85,10.55,61.1,33.9,420.1,7.390181428,2,0,0,0.625,Eucalyptus,40,1620
161,BHH732_1,10.1187597,77.0576571,0,0,0,0,0,0,17,0,0,0,0,10,0,0,0,0,0,0,0,0,0,0,0,0,0,0,0,0,0,0,0,0,0,0,0,0,0,0,BHH732,0.033820425,68,0,7.994561195,15.85041142,21.81742477,-0.83646119,-0.548026164,0.91629076,17.95000076,104.8,3206.6,25.65,11.35,60.5,33.5,415.2,7.280697195,2,0,0,0,Eucalyptus,10,1452
162,BHH732_2,10.119064,77.0577572,0,0,0,0,0,0,13,0,0,5,0,6,0,0,0,0,0,0,0,0,0,0,0,0,0,0,0,0,0,0,0,0,0,0,0,0,5,0,BHH732,0.033971623,62.6,0,9.998913765,11.61013126,23.08679199,-0.999200974,-0.039967661,-1.280933857,17.95000076,104.8,3206.6,25.65,11.35,60.5,33.5,415.2,7.285506549,2,0,0,5.375,Eucalyptus,10,1459
163,BID778_1,10.0991072,77.0995552,0,0,0,0,0,0,29,0,0,0,0,8,0,0,0,0,0,0,0,0,0,0,0,0,0,0,0,0,0,0,0,0,0,0,0,0,0,0,BID778,0.142204942,74,0,15.71419334,17.85161781,27.56809807,0.063164855,-0.998003107,0.328504086,17.35000038,109.6,2612.6,25.25,10.55,59.5,28.2,354.5,7.379632153,2,0,0,4.25,Eucalyptus,10,1603
164,BIP803_1,10.0878978,77.1218251,0,0,1,0,0,0,5,0,0,0,0,11,0,0,0,0,0,0,0,0,0,0,0,0,0,0,0,0,0,0,0,0,0,0,0,0,3,0,BIP803,0.017896973,45.6,0,1.466835976,26.09630775,38.56163788,-0.600000083,-0.799999938,-0.182321563,17.64999962,112.9,2326.6,25.55,10.65,59.3,25.2,318.7,7.37337431,2,0,0,-3.875,Eucalyptus,10,1593
165,BJF778_3,10.0742372,77.0985712,0,0,0,0,0,0,14,0,0,0,0,2,0,0,0,0,0,0,0,0,0,0,0,0,0,0,0,0,0,0,0,0,0,0,0,0,6,0,BJF778,0.136268462,55.2,0,13.95038033,12.00200939,20.39607811,-0.886584977,0.462565756,-1.280933857,17.75,114.1,2511.1,25.75,10.85,60.9,25.8,330.6,7.355641103,5,9.996066734,0,-1.75,Eucalyptus,10,1565
166,BJF778_4,10.0734908,77.0989524,0,0,5,0,0,0,12,0,0,0,0,0,0,0,0,0,0,0,0,0,0,0,0,0,0,0,0,0,0,0,0,0,0,0,0,0,6,0,BJF778,0.193086777,67.6,0,9.698734283,12.19150543,19.77371979,-0.795431648,0.60604331,-1.280933857,17.75,114.1,2511.1,25.75,10.85,60.9,25.8,330.6,7.365180126,3,9.648466262,0,-0.625,Eucalyptus,10,1580
167,BJF778_5,10.0738507,77.0999353,0,0,1,0,0,0,2,0,0,0,0,11,0,0,0,0,0,0,0,0,0,0,0,0,0,0,0,0,0,0,0,0,0,0,0,0,4,0,BJF778,0.337814324,61.6,0,-3.727296114,24.50046921,34.88552856,0.017854348,0.999840598,-0.587786674,17.75,115.4,2415.8,25.65,10.65,60.7,24.9,319.7,7.359467638,3,1.098612289,101,-1.625,Eucalyptus,10,1571
168,BJF778_6,10.0736149,77.0995484,0,0,3,0,0,0,10,0,0,0,0,0,0,0,0,0,0,0,0,0,0,0,0,0,0,0,0,0,0,0,0,0,0,0,0,0,0,0,BJF778,0.33267362,59.8,0.4,4.143800259,8.887733459,15.62049961,0.652939646,0.757409941,-1.280933857,17.75,114.1,2511.1,25.75,10.85,60.9,25.8,330.6,7.36707706,7,8.045267717,0,1.5,Eucalyptus,10,1583
169,BJF778_7,10.0737456,77.0999224,0,0,1,0,0,0,12,0,0,0,0,10,0,0,0,0,0,0,0,0,0,0,0,0,0,0,0,0,0,0,0,0,0,0,0,0,0,0,BJF778,0.069343809,69.4,0,12.03995514,14.30816746,30.74085236,-0.33532472,0.942102612,-1.280933857,17.75,115.4,2415.8,25.65,10.65,60.7,24.9,319.7,7.370230642,4,4.290459441,87,7.875,Eucalyptus,10,1588
170,BJW776_1,10.0584851,77.0977643,0,0,1,0,0,0,40,0,0,0,0,34,0,0,0,0,0,0,0,0,0,0,0,0,0,0,0,0,0,0,0,0,0,0,0,0,0,0,BJW776,0.079179584,67.6,0,25.01402664,3.871168852,7.937253952,-0.970142452,0.242535819,-1.280933857,18.04999924,114.3,2473.8,26.05,11.05,61.3,25,323.3,7.268223021,3,0,123,0.125,Eucalyptus,10,1434
171,BO237_2,11.4785,76.61267,0,2,0,0,0,0,0,0,0,0,0,0,0,0,0,0,0,0,0,0,0,0,0,0,0,0,0,0,0,0,0,0,0,0,0,0,0,0,BO237,0.319479675,75.8,1,14.57196236,10.26433468,17.66352081,-0.978790683,0.204862878,-1.280933857,14.85000038,126.7,1740.9,22.85,6.85,63.7,15.3,245.8,7.624130586,17,0,0,3.75,Acacia,10,2047
172,BO237_3,11.47825,76.61271,8,0,0,0,0,0,0,0,0,0,0,0,0,0,0,0,0,0,0,0,0,0,0,0,0,0,0,0,0,0,0,0,0,0,0,0,0,0,BO237,0.317283337,71,1,16.32824898,10.44616222,17.77638817,-0.98386993,-0.178885329,-1.280933857,14.85000038,126.7,1740.9,22.85,6.85,63.7,15.3,245.8,7.624130586,17,0,0,3.75,Acacia,10,2047
173,BO237_4,11.47822,76.61333,8,0,0,0,0,0,0,0,0,0,0,0,0,0,0,0,0,0,0,0,0,0,0,0,0,0,0,0,0,0,0,0,0,0,0,0,0,0,BO237,0.164239944,41.6,1,32.41825867,4.916642189,7.745966911,0.957826298,-0.287347842,-1.280933857,14.85000038,126.7,1740.9,22.85,6.85,63.7,15.3,245.8,7.624130586,8,0,0,1.25,Acacia,10,2047
174,BO237_5,11.47809,76.61399,0,0,0,0,0,0,0,0,0,0,0,0,0,0,0,0,0,0,0,0,0,0,0,0,0,0,0,0,0,0,0,0,0,0,0,0,0,0,BO237,0.10844022,59.6,1,-0.375988185,22.46332741,31.04834938,0.824331583,-0.56610727,-0.587786674,14.85000038,126.7,1740.9,22.85,6.85,63.7,15.3,245.8,7.617267814,5,0,0,2.5,Acacia,10,2033
175,BO237_6,11.47836,76.61382,8,3,0,0,0,0,0,0,0,0,0,0,0,0,0,0,0,0,0,0,0,0,0,0,0,0,0,0,0,0,0,0,0,0,0,0,0,0,BO237,0.089811134,54,1,17.94285965,16.2148037,26.01922417,0.905458916,-0.424433919,-1.280933857,14.85000038,126.7,1740.9,22.85,6.85,63.7,15.3,245.8,7.620214771,3,0,0,3.875,Acacia,10,2039
176,BO237_7,11.47875,76.61406,7,6,0,0,0,0,0,0,0,0,0,0,0,0,0,0,0,0,0,0,0,0,0,0,0,0,0,0,0,0,0,0,0,0,0,0,0,0,BO237,0.180720438,53.4,1,-4.810414791,13.24988556,19.41648865,0.467887708,0.883787923,-0.587786674,14.85000038,126.7,1740.9,22.85,6.85,63.7,15.3,245.8,7.613818685,8,0,0,-0.125,Acacia,12.5,2026
177,BO237_8,11.47867,76.61333,2,1,0,0,0,0,0,0,0,0,0,0,0,0,0,0,0,0,0,0,0,0,0,0,0,0,0,0,0,0,0,0,0,0,0,0,0,0,BO237,0.105479939,52.6,1,19.67445755,6.650503635,11.83216,0.773957311,0.633237776,-1.280933857,14.85000038,126.7,1740.9,22.85,6.85,63.7,15.3,245.8,7.624130586,6,0,0,2.25,Acacia,10,2047
178,CL193_3,11.45769,76.57284,0,0,0,0,0,0,0,0,0,0,0,0,0,0,0,0,0,0,0,0,0,0,0,0,0,0,0,0,0,0,0,0,0,0,0,0,0,0,CL193,0.025154439,68.4,1,8.899292946,17.09009552,23.23789978,-0.937425278,0.348186515,-1.280933857,13.85000038,120.2,2235.8,22.05,5.95,67.5,18,285.7,7.661997559,2,0,0,0.75,Acacia,10,2126
179,EK228_2,11.41161,76.60537,0,5,0,0,0,0,0,0,0,0,0,0,0,0,0,0,0,0,0,0,0,0,0,0,0,0,0,0,0,0,0,0,0,0,0,0,0,0,EK228,0.390120597,88.2,1,-11.51409912,10.50094032,15.58845711,-0.707106781,0.707106781,0.105360508,14.25,118.1,1913.1,22.05,6.55,63.2,18.5,277.2,7.655390645,7,0,0,-2.625,Acacia-Eucalyptus,18.57142857,2112
180,EK228_6,11.41173,76.60396,0,13,0,0,0,0,0,0,0,0,0,0,0,0,0,0,0,0,0,0,0,0,0,0,0,0,0,0,0,0,0,0,0,0,0,0,0,0,EK228,0.764588305,83.4,1,21.99975967,3.985437155,8.831760406,-0.645942245,0.763386282,-1.280933857,14.25,118.1,1913.1,22.05,6.55,63.2,18.5,277.2,7.655390645,15,0,0,2,Acacia-Eucalyptus,15.33333333,2112
181,EL228_1,11.41336,76.6048,2,11,0,0,0,0,0,0,0,0,0,0,0,0,0,0,0,0,0,0,0,0,0,0,0,0,0,0,0,0,0,0,0,0,0,0,0,0,EL228,0.830438662,76.6,1,10.82394981,10.83225155,14.3178215,-0.902860494,0.429933633,-1.280933857,14.25,118.1,1913.1,22.05,6.55,63.2,18.5,277.2,7.647308832,7,0,0,0.625,Acacia-Eucalyptus,21.42857143,2095
182,EL228_2,11.4137,76.60463,10,7,0,0,0,0,0,0,0,0,0,0,0,0,0,0,0,0,0,0,0,0,0,0,0,0,0,0,0,0,0,0,0,0,0,0,0,0,EL228,0.428811163,75.4,1,-34.34587479,8.241137505,16.73320007,-0.996346625,-0.085401427,-1.280933857,14.25,118.1,1913.1,22.05,6.55,63.2,18.5,277.2,7.645397699,4,0,0,-3.75,Acacia-Eucalyptus,10,2091
183,EN200_2,11.40938,76.57961,0,4,0,0,0,0,0,0,0,0,0,0,0,0,0,0,0,0,0,0,0,0,0,0,0,0,0,0,0,0,0,0,0,0,0,0,0,0,EN200,0.154770225,74.6,1,-5.633860111,27.97072601,41.3037529,-0.780114467,0.62563681,-0.587786674,14.44999981,113.6,2201,22.35,6.75,65.7,19.6,298.7,7.626082758,7,0,0,-2.5,Acacia-Eucalyptus,10,2051
184,EN200_3,11.40904,76.5795,0,9,0,0,0,2,0,0,0,0,0,0,0,0,0,0,0,0,0,0,0,0,0,0,0,0,0,0,0,0,0,0,0,0,0,0,1,0,EN200,0.088919866,76,1,13.3881855,17.67080116,24.83948517,-0.707106781,0.707106781,-1.280933857,14.44999981,113.6,2201,22.35,6.75,65.7,19.6,298.7,7.626570206,5,0,0,-0.125,Acacia-Eucalyptus,10,2052
185,EN200_4,11.40881,76.5795,0,15,0,0,0,2,0,0,0,0,0,0,0,0,0,0,0,0,0,0,0,0,0,0,0,0,0,0,0,0,0,0,0,0,0,0,0,0,EN200,0.045757046,78,1,20.1257,14.8763361,24.08318901,-0.945537562,-0.325513008,-1.280933857,14.44999981,113.6,2201,22.35,6.75,65.7,19.6,298.7,7.62900389,4,0,0,3.75,Acacia,10,2057
186,EN200_5,11.40889,76.57903,0,12,0,0,0,0,0,0,0,0,0,0,0,0,0,0,0,0,0,0,0,0,0,0,0,0,0,0,0,0,0,0,0,0,0,0,0,0,EN200,0.270340586,83,1,10.323246,19.57050133,29.17190361,-0.914288198,-0.405064305,-1.280933857,14.44999981,113.6,2201,22.35,6.75,65.7,19.6,298.7,7.625107148,8,0,0,4.625,Acacia-Eucalyptus,10,2049
187,EN200_6,11.40946,76.57823,0,9,0,0,0,0,0,0,0,0,0,0,0,0,0,0,0,0,0,0,0,0,0,0,0,0,0,0,0,0,0,0,0,0,0,0,1,0,EN200,0.66697062,65.6,1,0.970700383,20.63766861,32.14031601,-0.717900451,-0.696145777,-1.280933857,14.44999981,113.6,2201,22.35,6.75,65.7,19.6,298.7,7.615791072,8,0,0,4.375,Pinus,10,2030
188,EN200_7,11.40913,76.57832,0,11,0,0,0,0,0,0,0,0,0,0,0,0,0,0,0,0,0,0,0,0,0,0,0,0,0,0,0,0,0,0,0,0,0,0,0,0,EN200,0.5854435,79,1,-10.65023708,24.43700981,32.89376831,-0.822192128,-0.56921007,-0.587786674,14.44999981,113.6,2201,22.35,6.75,65.7,19.6,298.7,7.610357618,8,0,0,-0.25,Pinus,10,2019
189,EN200_8,11.40882,76.57838,0,18,0,0,0,0,0,0,0,0,0,0,0,0,0,0,0,0,0,0,0,0,0,0,0,0,0,0,0,0,0,0,0,0,0,0,0,0,EN200,0.238708541,76.2,1,-31.24439049,17.21928406,30.80584335,-0.997785144,0.066519221,2.670309782,14.44999981,113.6,2201,22.35,6.75,65.7,19.6,298.7,7.60638739,9,0,0,-6.125,Acacia,10,2011
190,ER202_1,11.40497,76.58008,0,19,0,0,0,0,0,0,0,0,0,0,0,0,0,0,0,0,0,0,0,0,0,0,0,0,0,0,0,0,0,0,0,0,0,0,3,0,ER202,1.03747537,62,1,19.68384933,5.651556969,12.32882786,1,6.12E-17,-1.280933857,14.35000038,113.8,2201.4,22.25,6.65,65.6,19.8,300.1,7.629489916,10,0,0,2,Pinus,10,2058
191,ER202_3,11.40566,76.58014,0,29,0,0,0,0,0,0,0,0,0,0,0,0,0,0,0,0,0,0,0,0,0,0,0,3,0,0,0,0,0,0,0,0,0,0,7,0,ER202,0.263695867,76.6,1,-3.364031792,16.77645302,26.43860817,0.324324451,-0.945945902,-0.182321563,14.35000038,113.8,2201.4,22.25,6.65,65.6,19.8,300.1,7.630946581,6,0,0,-2.375,Acacia-Eucalyptus,8.333333333,2061
192,ER202_4,11.40585,76.58145,0,18,0,0,0,0,0,0,0,0,0,0,0,0,0,0,0,0,0,0,0,0,0,0,0,0,0,0,0,0,0,0,0,0,0,0,3,0,ER202,0.753471332,71.2,1,-6.477003574,16.71319771,32.58834076,0.557836088,-0.829951143,1.021651268,14.35000038,113.8,2201.4,22.25,6.65,65.6,19.8,300.1,7.632885505,6,0,0,5.25,Pinus,10,2065
193,ER202_5,11.40548,76.58145,0,4,0,0,0,0,0,0,0,0,0,0,0,0,0,0,0,0,0,0,0,0,0,0,0,0,0,0,0,0,0,0,0,0,0,0,2,0,ER202,0.645540407,66.8,1,-0.893443704,25.10118866,34.98571014,0.584534496,-0.811368857,-0.587786674,14.35000038,113.8,2201.4,22.25,6.65,65.6,19.8,300.1,7.626570206,7,0,0,-1,Pinus,10,2052
194,ER202_6,11.40507,76.58146,0,0,0,0,0,0,0,0,0,0,0,0,0,0,0,0,0,0,0,0,0,0,0,0,0,0,0,0,0,0,0,0,0,0,0,0,0,0,ER202,0.582610542,68.6,1,-8.591162682,2.678145885,11.31370831,-0.789352042,0.613940839,-1.280933857,14.35000038,113.8,2201.4,22.25,6.65,65.6,19.8,300.1,7.622663951,8,0,0,0.25,Pinus,10,2044
195,ER204_2,11.40568,76.58251,0,13,0,0,0,0,0,0,0,0,0,0,0,0,0,0,0,0,0,0,0,0,0,0,0,0,0,0,0,0,0,0,0,0,0,0,0,0,ER204,0.756519149,68.6,1,-0.019330474,14.95007706,22.47220421,0.137153212,-0.990549846,-0.587786674,14.35000038,113.8,2201.4,22.25,6.65,65.6,19.8,300.1,7.623641947,7,0,0,-0.125,Pinus,10,2046
196,ES225_1,11.40391,76.60129,0,11,0,0,0,0,0,0,0,0,0,0,0,0,0,0,0,0,0,0,0,0,0,0,0,0,11,3,1,0,0,0,0,0,0,0,1,0,ES225,0.007161972,49.8,1,-1.337673187,15.27103329,21.88606834,-0.750713504,0.660627909,-0.587786674,13.55000019,118.5,1915.1,21.35,5.85,63.1,18.8,278.7,7.688455357,1,0,0,-1.375,Acacia,10,2183
197,ES225_4,11.40422,76.60181,0,7,0,0,0,0,0,0,0,0,0,0,0,0,0,0,0,0,0,0,0,0,0,0,0,0,0,0,0,0,1,1,0,0,0,0,0,0,ES225,0.073617119,52.4,1,-0.082492068,15.79726887,22.11334419,-0.975843135,0.218472369,-0.587786674,13.55000019,118.5,1915.1,21.35,5.85,63.1,18.8,278.7,7.693481641,4,0,0,-1.375,Eucalyptus,10,2194
198,EV206_1,11.40126,76.58374,0,0,0,0,0,0,0,0,0,0,0,0,0,0,0,0,0,0,0,0,0,0,0,0,0,0,0,0,0,0,0,0,0,0,0,0,0,0,EV206,0.273070094,57.8,1,11.72750092,9.535291672,17.74823952,-0.707106781,0.707106781,-1.280933857,14.25,115.6,2104.2,22.05,6.55,64.7,19.5,293.3,7.670428522,4,0,0,4.125,Acacia-Eucalyptus,20,2144
199,EV206_2,11.40174,76.58382,0,1,0,0,0,0,0,0,0,0,0,0,0,0,0,0,0,0,0,0,0,0,0,0,0,0,0,0,0,0,0,0,0,0,0,0,1,0,EV206,0.103196065,27,1,18.78469276,13.65309238,22.13594437,-0.234640537,0.972082208,-1.280933857,14.25,115.6,2104.2,22.05,6.55,64.7,19.5,293.3,7.669028289,5,0,0,4,Acacia,10,2141
200,EV206_4,11.40202,76.58439,0,1,0,0,0,0,0,0,0,0,0,0,0,0,0,0,0,0,0,0,0,0,0,0,0,0,0,0,0,0,0,0,0,0,0,0,0,0,EV206,0.096057966,59.8,1,29.5714016,9.29739666,24.5764122,0.878853454,0.477091823,-1.280933857,14.25,115.6,2104.2,22.05,6.55,64.7,19.5,293.3,7.667626092,5,0,0,6.25,Acacia,10,2138
201,EV206_5,11.4017,76.58453,0,0,0,0,0,0,0,0,0,0,0,0,0,0,0,0,0,0,0,0,0,0,0,0,0,0,0,0,0,0,0,0,0,0,0,0,1,0,EV206,0.548105751,56,1,26.50178528,11.60328388,19.4935894,0.983547155,-0.18065158,-1.280933857,14.25,115.6,2104.2,22.05,6.55,64.7,19.5,293.3,7.667158255,9,0,0,3.75,Acacia-Eucalyptus,10,2137
202,EV206_6,11.40187,76.58503,0,1,0,0,0,0,0,0,0,0,0,0,0,0,0,0,0,0,0,0,0,0,0,0,0,0,0,0,0,0,0,0,0,0,0,0,0,0,EV206,0.473549617,65,1,9.682086945,21.69194603,29.9666481,0.973688176,0.227884478,-0.587786674,14.25,115.6,2104.2,22.05,6.55,64.7,19.5,293.3,7.656810091,10,0,0,1.5,Acacia-Eucalyptus,10,2115
203,EV206_7,11.40159,76.58507,0,0,0,0,0,0,0,0,0,0,0,0,0,0,0,0,0,0,0,0,0,0,0,0,0,0,0,0,0,0,0,0,20,0,0,0,5,0,EV206,0.30038904,57.4,1,12.46588135,20.43124771,29.15476036,0.996072645,-0.088539742,-0.182321563,14.25,115.6,2104.2,22.05,6.55,64.7,19.5,293.3,7.656337166,3,0,0,-1,Eucalyptus,10,2114
204,EV206_8,11.40125,76.58509,0,3,0,0,0,0,0,0,0,0,0,0,0,0,0,0,0,0,0,0,0,0,0,0,0,0,0,0,0,0,0,0,0,0,0,0,15,0,EV206,0.116771981,70.4,1,8.76590538,24.34132576,35.18522263,0.890761865,-0.454470352,-1.280933857,14.25,115.6,2104.2,22.05,6.55,64.7,19.5,293.3,7.655864018,4,0,0,2.5,Acacia-Eucalyptus,10,2113
205,EX245_1,11.40049,76.61945,0,7,0,0,0,0,0,0,0,0,0,0,0,0,0,0,0,0,0,0,0,0,0,0,0,0,0,0,0,0,0,0,0,0,0,0,0,0,EX245,0.247390444,55.2,1,0.631654441,22.51577377,33.22649384,0.601576785,-0.79881498,-0.587786674,13.44999981,120.9,1760.1,21.15,5.75,61.7,18.1,266.9,7.692569648,6,0,0,4.25,Eucalyptus,10,2192
206,EX245_2,11.40014,76.62009,0,1,2,0,0,0,0,0,0,0,0,0,0,0,0,0,0,0,0,0,0,0,0,0,0,0,0,0,0,0,0,0,0,0,0,0,0,0,EX245,0.037393454,63.6,1,-2.785132408,18.65705872,26.3438797,0.532171587,-0.846636523,0.510825634,13.44999981,120.9,1760.1,21.15,5.75,61.7,18.1,266.9,7.67971364,4,0,0,-1.25,Eucalyptus,10,2164
207,EX245_3,11.39968,76.62013,0,0,0,0,0,1,0,0,0,0,0,0,0,0,0,0,0,0,0,0,0,0,0,0,0,0,0,0,0,0,0,0,0,0,0,0,0,0,EX245,0.300118476,63.2,1,-15.09800911,12.93721771,20.34699059,0.986874595,-0.161488496,2.245426655,13.85000038,120,1760.3,21.55,6.15,61.7,18.3,268,7.675546003,2,0,0,-0.25,Pinus,10,2155
208,EX245_4,11.39948,76.622071,0,2,0,0,0,3,0,0,0,0,0,0,0,0,0,0,0,0,0,0,0,0,0,0,0,0,0,0,0,0,0,0,0,0,0,0,1,0,EX245,1.013721495,70.8,1,14.15964985,17.96993828,38.35361862,0.694369233,-0.719618905,-0.587786674,13.85000038,120,1760.3,21.55,6.15,61.7,18.3,268,7.676937146,3,0,0,9.625,Pinus,10,2158
209,EX245_6,11.40032,76.62089,0,9,0,0,0,2,0,0,0,0,0,0,0,0,0,0,0,0,0,0,0,0,0,0,0,0,0,0,0,0,0,0,0,0,0,0,0,0,EX245,0.308681012,60.6,1,9.524323463,17.3595314,23.366642,-0.378125019,-0.925754541,-1.280933857,13.44999981,120.9,1760.1,21.15,5.75,61.7,18.1,266.9,7.680637428,8,0,0,0.25,Eucalyptus,15,2166
210,EX245_7,11.39986,76.61956,0,8,1,0,0,1,0,0,0,0,0,0,0,0,0,0,0,0,0,0,0,0,0,0,0,0,0,0,0,0,0,0,0,0,0,0,0,0,EX245,0.089206346,59.2,1,-15.08892918,11.27767944,15.13274574,0.992277879,0.124034716,0.664976239,13.85000038,120,1760.3,21.55,6.15,61.7,18.3,268,7.681099002,3,0,0,-0.625,Eucalyptus,10,2167
211,EX245_8,11.39942,76.61958,0,12,0,0,0,0,0,0,0,0,0,0,0,0,0,0,0,0,0,0,0,0,0,0,0,0,0,0,0,0,0,0,0,0,0,0,0,0,EX245,0.125835856,61.4,1,-9.276861191,10.6484623,14.24780655,0.919145012,0.393919341,0.664976239,13.85000038,120,1760.3,21.55,6.15,61.7,18.3,268,7.682021511,7,0,0,0.125,Eucalyptus,10,2169
212,EY205_2,11.39911,76.58286,0,4,0,0,0,0,0,0,0,0,0,0,0,0,0,0,0,0,0,0,0,0,0,0,0,0,0,0,0,0,0,0,0,0,0,0,0,0,EY205,0.277494601,51.6,1,-9.052062988,21.1005764,32.75667953,-0.593199063,-0.805055819,0.79850769,14.35000038,114.8,2196.6,22.25,6.75,65.5,20,300.4,7.638198244,8,0,0,-4.125,Acacia-Eucalyptus,10,2076
213,EY205_3,11.39943,76.58298,6,5,0,0,0,0,0,0,0,0,0,0,0,0,0,0,0,0,0,0,0,0,0,0,0,0,0,0,0,0,0,0,0,0,0,0,0,0,EY205,0.433466445,64.2,1,7.699588299,26.31478691,40.14971924,-0.762756997,-0.646685212,-0.182321563,14.35000038,114.8,2196.6,22.25,6.75,65.5,20,300.4,7.650644551,20,0,0,5.25,Acacia-Eucalyptus,11,2102
214,EY205_4,11.39905,76.58349,0,9,0,0,0,0,0,0,0,0,0,0,0,0,0,0,0,0,0,0,0,0,0,0,0,0,0,0,0,0,0,0,0,0,0,0,0,0,EY205,0.22811678,74,1,-6.981163025,18.94707489,27.98213768,-0.535335075,-0.84463978,0.328504086,14.14999962,114.1,2101.1,21.95,6.45,64.7,19.7,294,7.64921632,4,0,0,-3.125,Acacia-Eucalyptus,10,2099
215,EY205_5,11.39878,76.58339,0,19,0,0,0,0,0,0,0,0,0,0,0,0,0,0,0,0,0,0,0,0,0,0,0,0,0,0,0,0,0,0,0,0,0,0,0,0,EY205,0.13408804,65.2,1,-20.64955139,18.54176712,26.62705421,-0.857492891,-0.514495813,1.284015417,14.14999962,114.1,2101.1,21.95,6.45,64.7,19.7,294,7.642524134,2,0,0,-2.625,Acacia,10,2085
216,EY205_6,11.39873,76.58411,0,8,0,0,0,0,0,0,0,0,0,0,0,0,0,0,0,0,0,0,0,0,0,0,0,0,0,0,0,0,0,0,0,0,0,0,0,0,EY205,0.338801085,71.2,1,-1.410856724,9.663147926,13,-0.99264591,-0.121054106,-0.587786674,14.14999962,114.1,2101.1,21.95,6.45,64.7,19.7,294,7.65349491,5,0,0,1.125,Acacia-Eucalyptus,10,2108
217,EY205_8,11.39952,76.58411,0,42,0,0,0,0,0,0,0,0,0,0,0,0,0,0,0,0,0,0,0,0,0,0,0,0,0,0,0,0,0,0,0,0,0,0,0,0,EY205,0.234061217,73.4,1,16.04654694,10.24530697,14.59451962,-0.474099745,-0.880471142,-1.280933857,14.14999962,114.1,2101.1,21.95,6.45,64.7,19.7,294,7.658227526,4,0,0,0.125,Acacia,10,2118
218,FA157_1,11.39729,76.53939,2,0,0,0,0,0,0,0,0,0,0,0,0,0,0,0,0,0,0,0,0,0,0,0,0,0,0,0,0,0,0,0,0,0,0,0,0,0,FA157,0.012732395,67.2,1,1.98622334,23.67681503,32.87856293,0.833488256,0.552537172,-0.587786674,12.94999981,106.3,2592.4,20.95,5.35,70.8,20.1,308.6,7.722234745,1,10.0692562,0,-0.375,Acacia,10,2258
219,FA157_6,11.39764,76.53946,0,0,0,0,0,0,0,0,0,0,0,0,0,0,0,0,0,0,0,0,0,0,0,0,0,0,0,0,0,0,0,0,0,0,0,0,3,0,FA157,0.050308878,50.4,1,-8.882255554,31.80077362,47.07440948,0.84799831,0.52999893,1.284015417,12.94999981,106.3,2592.4,20.95,5.35,70.8,20.1,308.6,7.712890961,4,10.3434829,0,-3.25,Eucalyptus,10,2237
220,FA157_7,11.39793,76.53895,2,0,0,0,0,0,0,0,0,0,0,0,0,0,0,0,0,0,0,0,0,0,0,0,0,0,0,0,0,0,0,0,0,0,0,0,10,0,FA157,0.025058946,17.8,1,0.395266503,30.83705139,46.01086807,0.987311041,0.158798326,0.105360508,12.94999981,106.3,2592.4,20.95,5.35,70.8,20.1,308.6,7.728855824,3,10.36508091,0,4.375,Eucalyptus,10,2273
221,FA223_1,11.39711,76.59978,1,13,0,0,0,0,0,0,0,0,0,0,0,0,0,0,0,0,0,0,0,0,0,0,0,0,0,0,0,0,0,0,0,0,0,0,0,0,FA223,0.456512081,62.4,1,-14.74004936,14.19158268,21.54065895,0.811534342,0.584304725,-0.182321563,13.85000038,115.5,2005.5,21.65,6.25,63.8,19.3,286.9,7.672757897,9,0,0,1.25,Acacia-Eucalyptus,10,2149
222,FA223_2,11.39758,76.59985,0,7,0,0,0,0,0,0,0,0,0,0,0,0,0,0,0,0,0,0,0,0,0,0,0,0,0,0,0,0,0,0,0,0,0,0,0,0,FA223,0.100235783,42.4,1,-11.16691208,17.185112,23.81176186,0.999911122,0.013332188,0.328504086,13.85000038,115.5,2005.5,21.65,6.25,63.8,19.3,286.9,7.671360923,4,0,0,0.625,Acacia,10,2146
223,FE210_1,11.39391,76.58919,1,1,0,0,0,0,0,0,0,0,0,0,0,0,0,0,0,0,0,0,0,0,0,0,0,0,0,0,0,0,0,0,0,0,0,0,5,0,FE210,0.037449158,54,1,-14.57591438,20.11367798,32.49615479,-0.022216925,-0.999753174,0.105360508,14.14999962,114.1,2101.1,21.95,6.45,64.7,19.7,294,7.64921632,2,0,0,-6,Acacia,10,2099
224,FE210_2,11.3936,76.58897,0,0,0,0,0,0,0,0,0,0,0,0,0,0,0,0,0,0,0,0,0,0,0,0,0,0,1,0,0,0,0,0,0,2,0,0,0,0,FE210,0.038992961,22,1,-7.241762638,14.65255833,21.14237404,0.752576659,-0.658504649,-0.587786674,14.14999962,114.1,2101.1,21.95,6.45,64.7,19.7,294,7.647786045,1,0,0,-2.875,Acacia,10,2096
225,GK204_4,11.3645,76.5825,0,0,0,0,0,0,0,0,0,0,0,0,0,0,0,0,0,0,0,0,0,0,0,0,0,0,0,0,0,0,0,0,0,0,25,0,0,0,GK204,0.145674519,65,1,-11.8443718,4.914855003,7.937253952,0.957826298,0.287347842,-1.280933857,13.64999962,109.3,2161.9,21.45,6.15,65.6,20.2,296.8,7.68294317,4,0,0,0.375,Acacia,10,2171
226,GK204_5,11.36463,76.58243,0,0,0,0,0,0,0,0,0,0,0,0,0,0,0,0,0,0,0,0,0,0,0,0,0,0,1,0,0,0,0,0,0,0,75,0,0,0,GK204,0.126822616,73.6,1,22.87664032,5.670585155,8.602325439,0.784882788,-0.61964426,-1.280933857,13.64999962,109.3,2161.9,21.45,6.15,65.6,20.2,296.8,7.683403681,7,0,0,1,Acacia,10,2172
227,GK204_6,11.36447,76.58179,0,0,0,0,0,0,0,0,0,0,0,0,0,0,0,0,0,0,0,0,0,0,0,0,0,0,0,0,0,0,0,0,0,0,0,0,0,0,GK204,0.081829514,72.2,1,-14.6160078,16.49761772,22.15851974,-0.902603628,0.430472637,0.328504086,13.64999962,109.3,2161.9,21.45,6.15,65.6,20.2,296.8,7.676937146,6,0,0,-1.875,Acacia,10,2158
228,GK204_7,11.36479,76.58175,0,0,0,0,0,0,0,0,0,0,0,0,0,0,0,0,0,0,0,0,0,0,0,0,0,0,1,0,0,0,0,0,0,0,52,3,0,0,GK204,0.148252829,55,1,-17.99227715,14.76502514,22.24859619,-0.985096796,-0.172000879,0.510825634,13.64999962,109.3,2161.9,21.45,6.15,65.6,20.2,296.8,7.676009932,8,0,0,-3.125,Acacia,10,2156
229,GK204_8,11.36514,76.58178,0,0,0,0,0,0,0,0,0,0,0,0,0,0,0,0,0,0,0,0,0,0,0,0,0,0,0,0,0,0,0,0,0,0,25,0,1,0,GK204,0.097832544,73.6,1,17.94649315,14.2591753,20.02498436,-0.989290315,0.145961203,-1.280933857,13.64999962,109.3,2161.9,21.45,6.15,65.6,20.2,296.8,7.679251426,6,0,0,2.625,Acacia,10,2163
230,GN201_1,11.36202,76.57957,0,0,0,0,0,0,0,0,0,0,0,0,0,0,0,0,0,0,0,0,0,0,0,0,0,0,0,0,0,0,0,0,0,0,0,0,0,0,GN201,0.512224269,79.2,1,2.037983894,26.8281765,37.5499649,-0.476023254,-0.879432693,-0.587786674,13.64999962,109.3,2161.9,21.45,6.15,65.6,20.2,296.8,7.675081858,13,9.473242953,0,0.5,Pinus,10,2154
231,GN201_2,11.36243,76.5796,0,0,0,0,0,0,0,0,0,0,0,0,0,0,0,0,0,0,0,0,0,0,0,0,0,0,0,0,0,0,0,0,0,0,0,0,0,0,GN201,0.67615386,78.6,1,55.70699692,12.55540943,25.1992054,0.402738646,0.915315019,-1.280933857,13.64999962,109.3,2161.9,21.45,6.15,65.6,20.2,296.8,7.682482447,15,8.227642708,0,6.125,Pinus,10,2170
232,GP209_1,11.35998,76.58703,0,1,0,0,0,0,0,0,0,0,0,0,0,0,0,0,0,0,0,0,0,0,0,0,0,0,0,0,0,0,0,0,0,0,0,0,0,0,GP209,0.043560708,67.4,1,-5.22865963,21.77366066,31.87475395,-0.061110209,-0.998131025,-0.182321563,13.85000038,111.1,2084.3,21.55,6.35,64.5,20.1,294.9,7.661056382,3,10.60259195,0,3,Acacia,10,2124